method,stem,raw_filename,raw_sha256,source_output,normalized_output,output_sha256
CBF,chazhuang.3,chazhuang.3.jpg,25f7c3c7d3d9b04526ab3f43245ea8833c5b782cc06c888aa1c64664e0b83579,D:\Desktop\Stage1Codex\experiments\myedge168_compare9_rerun_20260527\outputs_raw\CBF\chazhuang.3_CBF.jpg,D:\Desktop\Stage1Codex\experiments\myedge168_compare9_rerun_20260527\outputs_normalized\CBF\chazhuang.3.jpg,deefcefc4e0264fbc13b95a2e6997e2b9208f2ec0f5e235770696f4b13266f80
CBF,chazhuang.4,chazhuang.4.jpg,4769d4aaecf78760113c912b19fe251a5557b808020c3f7acaa06f96906ca989,D:\Desktop\Stage1Codex\experiments\myedge168_compare9_rerun_20260527\outputs_raw\CBF\chazhuang.4_CBF.jpg,D:\Desktop\Stage1Codex\experiments\myedge168_compare9_rerun_20260527\outputs_normalized\CBF\chazhuang.4.jpg,8c54f7ef80a251be8b10bb4e0fba85235c148f3394aad1c6a099005150eec0d5
CBF,chazhuang.6,chazhuang.6.jpg,b8c75c108601b62134ca4ddfd7b17042bfc04dbd2cfaf18144733b874d062e35,D:\Desktop\Stage1Codex\experiments\myedge168_compare9_rerun_20260527\outputs_raw\CBF\chazhuang.6_CBF.jpg,D:\Desktop\Stage1Codex\experiments\myedge168_compare9_rerun_20260527\outputs_normalized\CBF\chazhuang.6.jpg,060c0bc216b92316a463f9f173d9a4704374c54aaff3e86b9305c493c5c61170
CBF,chichaoyiwan.1,chichaoyiwan.1.jpg,19e6c90b860f5d1422c9fd3916d80902d9c1f4fceb6c1371c332d37ab6592359,D:\Desktop\Stage1Codex\experiments\myedge168_compare9_rerun_20260527\outputs_raw\CBF\chichaoyiwan.1_CBF.jpg,D:\Desktop\Stage1Codex\experiments\myedge168_compare9_rerun_20260527\outputs_normalized\CBF\chichaoyiwan.1.jpg,3aaff9512b1bceb668ddf1de2dff3d7c0c4ef9ca3c94609f1f7650e425b05fd3
CBF,chichaoyiwan.16,chichaoyiwan.16.jpg,1ec852406e00d3dfe745c2fa9f7c188455d40639b2349cc227356e05ca5887f5,D:\Desktop\Stage1Codex\experiments\myedge168_compare9_rerun_20260527\outputs_raw\CBF\chichaoyiwan.16_CBF.jpg,D:\Desktop\Stage1Codex\experiments\myedge168_compare9_rerun_20260527\outputs_normalized\CBF\chichaoyiwan.16.jpg,4ac01aafbaee410d54961e32d87d9945e8b83eeb99e949585fc23a97ae437727
CBF,chichaoyiwan.2,chichaoyiwan.2.jpg,b30556475f8446b7ec8f005f8f28a7374b4116fa7f5d530bfaef9fbe95eebbf7,D:\Desktop\Stage1Codex\experiments\myedge168_compare9_rerun_20260527\outputs_raw\CBF\chichaoyiwan.2_CBF.jpg,D:\Desktop\Stage1Codex\experiments\myedge168_compare9_rerun_20260527\outputs_normalized\CBF\chichaoyiwan.2.jpg,28baac636b90aa73da14d8a5cbb5e9a58dd8e3fc5f88e08619bfa039f22eec3c
CBF,chichaoyiwan.3,chichaoyiwan.3.jpg,7306a2e4ff3c0dea20d1c2ec05ea189a3b94d15727f83c30ca9b5a025be02013,D:\Desktop\Stage1Codex\experiments\myedge168_compare9_rerun_20260527\outputs_raw\CBF\chichaoyiwan.3_CBF.jpg,D:\Desktop\Stage1Codex\experiments\myedge168_compare9_rerun_20260527\outputs_normalized\CBF\chichaoyiwan.3.jpg,53ec06189d109bfd884d0f2e80d985cd596b9797ec71f29ff7e51010a00dd5bf
CBF,chichaoyiwan.4,chichaoyiwan.4.jpg,39cfae17f3ad5f5333e6f6e1a1b26d63e8c2f699a3a38336eba3c1ca8b039a3d,D:\Desktop\Stage1Codex\experiments\myedge168_compare9_rerun_20260527\outputs_raw\CBF\chichaoyiwan.4_CBF.jpg,D:\Desktop\Stage1Codex\experiments\myedge168_compare9_rerun_20260527\outputs_normalized\CBF\chichaoyiwan.4.jpg,4f60961be5ad8008147eb48637fc617bf00e06b8772d56386352663d3d18cb7a
CBF,chichaoyiwan.5,chichaoyiwan.5.jpg,3b0f59885b0ab22cd5288b310ca5a2737ac14459e768dfc391ddd1daca0e538f,D:\Desktop\Stage1Codex\experiments\myedge168_compare9_rerun_20260527\outputs_raw\CBF\chichaoyiwan.5_CBF.jpg,D:\Desktop\Stage1Codex\experiments\myedge168_compare9_rerun_20260527\outputs_normalized\CBF\chichaoyiwan.5.jpg,1a1b00f23acf41133bd0b434b0988943677ffe1ed79ac4d68ee3d19af00f07f8
CBF,chichaoyiwan.6,chichaoyiwan.6.jpg,a5d166cf2e2981a42568c8b397d41953cc28dfd8c3cc2e2f533a17213ea0aeae,D:\Desktop\Stage1Codex\experiments\myedge168_compare9_rerun_20260527\outputs_raw\CBF\chichaoyiwan.6_CBF.jpg,D:\Desktop\Stage1Codex\experiments\myedge168_compare9_rerun_20260527\outputs_normalized\CBF\chichaoyiwan.6.jpg,bed149cf0dd166c92fef46161339a9a0a51620e95a9ae2f64ae0e139ad3c5dc2
CBF,chichaoyiwan.7,chichaoyiwan.7.jpg,a46ea2bfac3bc03726d232333da768956558342d85e47490b0c7336878f6c051,D:\Desktop\Stage1Codex\experiments\myedge168_compare9_rerun_20260527\outputs_raw\CBF\chichaoyiwan.7_CBF.jpg,D:\Desktop\Stage1Codex\experiments\myedge168_compare9_rerun_20260527\outputs_normalized\CBF\chichaoyiwan.7.jpg,1af15374560e6c4815e9502f25638d13a75986894cea09b1f0d11ff8f58de5e1
CBF,donghaiyuanjia.12,donghaiyuanjia.12.jpg,539d3ebcd7b2e0af57f5ed7b8c9ff182851c31da0b353c11569dd1da921166a3,D:\Desktop\Stage1Codex\experiments\myedge168_compare9_rerun_20260527\outputs_raw\CBF\donghaiyuanjia.12_CBF.jpg,D:\Desktop\Stage1Codex\experiments\myedge168_compare9_rerun_20260527\outputs_normalized\CBF\donghaiyuanjia.12.jpg,eb627e4eeb45a0b4f305b567abb24b9e016ed79bb7810576ee8d500735c1ed1c
CBF,donghaiyuanjia.13,donghaiyuanjia.13.jpg,b68a544255e3e0dda8a985533de8ca443faad8deec5e64bb9d27866132b32f2f,D:\Desktop\Stage1Codex\experiments\myedge168_compare9_rerun_20260527\outputs_raw\CBF\donghaiyuanjia.13_CBF.jpg,D:\Desktop\Stage1Codex\experiments\myedge168_compare9_rerun_20260527\outputs_normalized\CBF\donghaiyuanjia.13.jpg,1d320e4dcd0c6273efd906e0877e63e733db7927383e12ddaeeec75618317b7c
CBF,donghaiyuanjia.14,donghaiyuanjia.14.jpg,de1920371a5fba41333a174995da9f54d4313ec712d1c80439e15051287c0a4f,D:\Desktop\Stage1Codex\experiments\myedge168_compare9_rerun_20260527\outputs_raw\CBF\donghaiyuanjia.14_CBF.jpg,D:\Desktop\Stage1Codex\experiments\myedge168_compare9_rerun_20260527\outputs_normalized\CBF\donghaiyuanjia.14.jpg,d72b0618ed0c004a840ff86dd4295363aeda22e36e001adc95b3a3600b58ef16
CBF,donghaiyuanjia.15,donghaiyuanjia.15.jpg,aca3548e76fa103ae5436ce4ae9697d27d35980b39881be658236e9afa7b5aac,D:\Desktop\Stage1Codex\experiments\myedge168_compare9_rerun_20260527\outputs_raw\CBF\donghaiyuanjia.15_CBF.jpg,D:\Desktop\Stage1Codex\experiments\myedge168_compare9_rerun_20260527\outputs_normalized\CBF\donghaiyuanjia.15.jpg,7659227c09dfaa4a04c7f39907169c450b565082a1e884d477e579aa99c18d59
CBF,donghaiyuanjia.16,donghaiyuanjia.16.jpg,38a1e375a92beadfed08df57f77b8e9ae3e87c3f9223746de0c98d742a92a542,D:\Desktop\Stage1Codex\experiments\myedge168_compare9_rerun_20260527\outputs_raw\CBF\donghaiyuanjia.16_CBF.jpg,D:\Desktop\Stage1Codex\experiments\myedge168_compare9_rerun_20260527\outputs_normalized\CBF\donghaiyuanjia.16.jpg,03be5ce6537bc6d2174ed8d28bef65242fc5f47ea77ed9b4072acb80d9b676b4
CBF,donghaiyuanjia.17,donghaiyuanjia.17.jpg,a2fb94b7a769e8f4442e0f7c08f1f06e03840e847ed6d92be9e42c34507fcb6d,D:\Desktop\Stage1Codex\experiments\myedge168_compare9_rerun_20260527\outputs_raw\CBF\donghaiyuanjia.17_CBF.jpg,D:\Desktop\Stage1Codex\experiments\myedge168_compare9_rerun_20260527\outputs_normalized\CBF\donghaiyuanjia.17.jpg,ca8dc1985ce8932a68287ac270ad2947510b94a8e355f1e52d948b7a59ea25ed
CBF,donghaiyuanjia.18,donghaiyuanjia.18.jpg,96f34e5a10779dc8d274558ad9f35c08d22eb0705d21c203cd4e522b18252e70,D:\Desktop\Stage1Codex\experiments\myedge168_compare9_rerun_20260527\outputs_raw\CBF\donghaiyuanjia.18_CBF.jpg,D:\Desktop\Stage1Codex\experiments\myedge168_compare9_rerun_20260527\outputs_normalized\CBF\donghaiyuanjia.18.jpg,4343a7c08f996ffd6b07187fcd78ee777d55f401b06d932ec5c87e7351662635
CBF,donghaiyuanjia.19,donghaiyuanjia.19.jpg,b2f28583cfd87445b56a951d75a5616053bf0930ca5cf97f80a2e8ae038aff0c,D:\Desktop\Stage1Codex\experiments\myedge168_compare9_rerun_20260527\outputs_raw\CBF\donghaiyuanjia.19_CBF.jpg,D:\Desktop\Stage1Codex\experiments\myedge168_compare9_rerun_20260527\outputs_normalized\CBF\donghaiyuanjia.19.jpg,140d4772ed78f521d6e32258b14b4b629ea78b7c3a56f60ff0a70617902b382a
CBF,donghaiyuanjia.20,donghaiyuanjia.20.jpg,45eecc27e7559e71654e9a20d4fc959a6116ff668ba28df2c91ac94d9f253fde,D:\Desktop\Stage1Codex\experiments\myedge168_compare9_rerun_20260527\outputs_raw\CBF\donghaiyuanjia.20_CBF.jpg,D:\Desktop\Stage1Codex\experiments\myedge168_compare9_rerun_20260527\outputs_normalized\CBF\donghaiyuanjia.20.jpg,67c97e1f40e9c379a6eaa1331dc329b62065f74069fa914d9b2e5daaac35a945
CBF,donghaiyuanjia.21,donghaiyuanjia.21.jpg,88ce690efd69f9bc1bc967030b0b26bb161ffa57b4536a7e48f5b52b05830b4a,D:\Desktop\Stage1Codex\experiments\myedge168_compare9_rerun_20260527\outputs_raw\CBF\donghaiyuanjia.21_CBF.jpg,D:\Desktop\Stage1Codex\experiments\myedge168_compare9_rerun_20260527\outputs_normalized\CBF\donghaiyuanjia.21.jpg,252077ab7eb2df9ced9867851e0f182ddf0ad1019d3969eca181beb4626d653d
CBF,donghaiyuanjia.22,donghaiyuanjia.22.jpg,67f8499126e0e8939e24f51f946cc92bc5946729382617d353fdf3974fb9de96,D:\Desktop\Stage1Codex\experiments\myedge168_compare9_rerun_20260527\outputs_raw\CBF\donghaiyuanjia.22_CBF.jpg,D:\Desktop\Stage1Codex\experiments\myedge168_compare9_rerun_20260527\outputs_normalized\CBF\donghaiyuanjia.22.jpg,5b307287970bc955ccec8f8af4b9db8dedc9003dcae74085745a4ddc61b505a8
CBF,donghaiyuanjia.24,donghaiyuanjia.24.jpg,43b638ab4f49243bf8b2486e22fb42fe7324fa6660efd807a9679820384b54fe,D:\Desktop\Stage1Codex\experiments\myedge168_compare9_rerun_20260527\outputs_raw\CBF\donghaiyuanjia.24_CBF.jpg,D:\Desktop\Stage1Codex\experiments\myedge168_compare9_rerun_20260527\outputs_normalized\CBF\donghaiyuanjia.24.jpg,e80012bdb73c3e8cb7e8d8b86ab316d83e622d6afd77267c2d370c404977989e
CBF,donghaiyuanjia.26,donghaiyuanjia.26.jpg,8ec2b6abcc311fd827e8955fe0b44f2181318c70a8f80123573c39b5f833f103,D:\Desktop\Stage1Codex\experiments\myedge168_compare9_rerun_20260527\outputs_raw\CBF\donghaiyuanjia.26_CBF.jpg,D:\Desktop\Stage1Codex\experiments\myedge168_compare9_rerun_20260527\outputs_normalized\CBF\donghaiyuanjia.26.jpg,633d474724691d1f4e833f1818a4b37086738186dce0279fb71ed2227ed97723
CBF,duolie.5,duolie.5.jpg,191d830c6f47a925d0f7187a86c6d879efa940994a44872b28686a25307a0524,D:\Desktop\Stage1Codex\experiments\myedge168_compare9_rerun_20260527\outputs_raw\CBF\duolie.5_CBF.jpg,D:\Desktop\Stage1Codex\experiments\myedge168_compare9_rerun_20260527\outputs_normalized\CBF\duolie.5.jpg,1adda0d0db242e57e2c1f48efe4ddf414fc1fa8a1f7584a60446007624683147
CBF,duolie.6,duolie.6.jpg,4737b9b09f13a1a0c2da352a09c17bb584c979e156f6acd4cc5dc6558715cc1b,D:\Desktop\Stage1Codex\experiments\myedge168_compare9_rerun_20260527\outputs_raw\CBF\duolie.6_CBF.jpg,D:\Desktop\Stage1Codex\experiments\myedge168_compare9_rerun_20260527\outputs_normalized\CBF\duolie.6.jpg,b0e6287a89f1eb7ae247d9f0c365da93de93e4f7379b887af4238964e9c002dd
CBF,duolie.7,duolie.7.jpg,ac620f3360b9a6f6ae28636775160302d15964ec745dc8e6142801a147ecbb00,D:\Desktop\Stage1Codex\experiments\myedge168_compare9_rerun_20260527\outputs_raw\CBF\duolie.7_CBF.jpg,D:\Desktop\Stage1Codex\experiments\myedge168_compare9_rerun_20260527\outputs_normalized\CBF\duolie.7.jpg,3e18220e4b2b23a72909c8f512bbc6049380a4f69e520347e7f23e11305cc872
CBF,duolie.8,duolie.8.jpg,07486782c127a94416667ad75aaee885f9f8a0ac1b2c3152d34fd2fb1549a6e6,D:\Desktop\Stage1Codex\experiments\myedge168_compare9_rerun_20260527\outputs_raw\CBF\duolie.8_CBF.jpg,D:\Desktop\Stage1Codex\experiments\myedge168_compare9_rerun_20260527\outputs_normalized\CBF\duolie.8.jpg,0c39a98bccd7f9088bb2a36b1b5482c8bfbf6bc26b6a4fe20293710fe9265cfd
CBF,duowenqigou.3,duowenqigou.3.jpg,a907f1a0f25e197b87f901bcc75e28b9124bafc562e3a69163e92ecb79e3696f,D:\Desktop\Stage1Codex\experiments\myedge168_compare9_rerun_20260527\outputs_raw\CBF\duowenqigou.3_CBF.jpg,D:\Desktop\Stage1Codex\experiments\myedge168_compare9_rerun_20260527\outputs_normalized\CBF\duowenqigou.3.jpg,453cc6838291095df0e69856caeb9e9d9f417036207e199354e1c16cc3636530
CBF,duowenqigou.4,duowenqigou.4.jpg,e12dbb24dfe337a48b154dab49dff784806175abe42379cca6957d716416f7c4,D:\Desktop\Stage1Codex\experiments\myedge168_compare9_rerun_20260527\outputs_raw\CBF\duowenqigou.4_CBF.jpg,D:\Desktop\Stage1Codex\experiments\myedge168_compare9_rerun_20260527\outputs_normalized\CBF\duowenqigou.4.jpg,c4031bb8501fb34c328f05d8de14d96bb142b8f290191e5907296aaa260e70b7
CBF,fanquyuanjia.3,fanquyuanjia.3.jpg,b76a83e79c13f9fa878d667767189ff7b0cc1043bfa913a3f4697ba945495163,D:\Desktop\Stage1Codex\experiments\myedge168_compare9_rerun_20260527\outputs_raw\CBF\fanquyuanjia.3_CBF.jpg,D:\Desktop\Stage1Codex\experiments\myedge168_compare9_rerun_20260527\outputs_normalized\CBF\fanquyuanjia.3.jpg,66883934f6c754b0e7df4c12ed6a75b3cc740d4b9afc8b5dced2bcc9cb4f6eda
CBF,fanquyuanjia.4,fanquyuanjia.4.jpg,6ced5edb819a26dd964bd37172b8f472fb9464f0b89a2ca95daa205eb8eed2f4,D:\Desktop\Stage1Codex\experiments\myedge168_compare9_rerun_20260527\outputs_raw\CBF\fanquyuanjia.4_CBF.jpg,D:\Desktop\Stage1Codex\experiments\myedge168_compare9_rerun_20260527\outputs_normalized\CBF\fanquyuanjia.4.jpg,305ff5b7d37f5753b127027cf4763f5007a2bb42d02fd2d42ac1cb4b68af5de7
CBF,gutiao.2,gutiao.2.jpg,00b37e6990c290a0bedc2c804e8db836c994feab4ac7b09dbf35bab22c17b7c7,D:\Desktop\Stage1Codex\experiments\myedge168_compare9_rerun_20260527\outputs_raw\CBF\gutiao.2_CBF.jpg,D:\Desktop\Stage1Codex\experiments\myedge168_compare9_rerun_20260527\outputs_normalized\CBF\gutiao.2.jpg,fa3cd55ab6d84ea693a60b05ed28231ef65ad300a636986e409f8daf3b23034e
CBF,hailianzao.10,hailianzao.10.jpg,34418d6e5821f0d6c0218d9d5eadb61cb37e985ccab575e7d8de1452ac756df1,D:\Desktop\Stage1Codex\experiments\myedge168_compare9_rerun_20260527\outputs_raw\CBF\hailianzao.10_CBF.jpg,D:\Desktop\Stage1Codex\experiments\myedge168_compare9_rerun_20260527\outputs_normalized\CBF\hailianzao.10.jpg,4297bb08f3f57cc38a9209a7ed77e9005d10aea79e11678c494ee73433235100
CBF,hailianzao.6,hailianzao.6.jpg,e0a777274b2d475888fa29fd2f9e40ae069517df9824bd6da7a4382e7150879c,D:\Desktop\Stage1Codex\experiments\myedge168_compare9_rerun_20260527\outputs_raw\CBF\hailianzao.6_CBF.jpg,D:\Desktop\Stage1Codex\experiments\myedge168_compare9_rerun_20260527\outputs_normalized\CBF\hailianzao.6.jpg,7663e185e56ad38e2b6ff286946fa341a9a75826908e909483a009c65c61c5cc
CBF,hailianzao.7,hailianzao.7.jpg,9471f2c443ca8b93e84634ba6ea2c67060e55f118ec97717a91178b505d0c9ac,D:\Desktop\Stage1Codex\experiments\myedge168_compare9_rerun_20260527\outputs_raw\CBF\hailianzao.7_CBF.jpg,D:\Desktop\Stage1Codex\experiments\myedge168_compare9_rerun_20260527\outputs_normalized\CBF\hailianzao.7.jpg,c9711f0ff7de885498c2b3dbca19cc37f98a26d7394de40ca46387f26d1483e8
CBF,hailianzao.8,hailianzao.8.jpg,55e2122e6e81259f8a7c1c458553d28cc226f1225b456c30d3cd7ed1f74b9829,D:\Desktop\Stage1Codex\experiments\myedge168_compare9_rerun_20260527\outputs_raw\CBF\hailianzao.8_CBF.jpg,D:\Desktop\Stage1Codex\experiments\myedge168_compare9_rerun_20260527\outputs_normalized\CBF\hailianzao.8.jpg,a1985a5ee8ae77b045789d9027c109f3167466149fcbeeba73c21ff10f7c57e2
CBF,haiyangkadun.10,haiyangkadun.10.jpg,1a9bdf1c342ba5d7429439d7e273041d017163b4bce7991d3166bf986594918a,D:\Desktop\Stage1Codex\experiments\myedge168_compare9_rerun_20260527\outputs_raw\CBF\haiyangkadun.10_CBF.jpg,D:\Desktop\Stage1Codex\experiments\myedge168_compare9_rerun_20260527\outputs_normalized\CBF\haiyangkadun.10.jpg,71301f74ddd05eb71d8d39f8999f60053d4996e56215d1651af512f0fd7621d5
CBF,haiyangkadun.11,haiyangkadun.11.jpg,763582f386dcc9172d496c5f388403c685772f6b56e592f0403a3b27a05552cd,D:\Desktop\Stage1Codex\experiments\myedge168_compare9_rerun_20260527\outputs_raw\CBF\haiyangkadun.11_CBF.jpg,D:\Desktop\Stage1Codex\experiments\myedge168_compare9_rerun_20260527\outputs_normalized\CBF\haiyangkadun.11.jpg,9a99bbfa9076fb789d53624993f9f3867acce58344d63bc38a7a78bb35dbd750
CBF,haiyangkadun.12,haiyangkadun.12.jpg,d0fd3751daef57aa8c8cd94628903fc2a299e476f5d810d38127a1316f7de7ac,D:\Desktop\Stage1Codex\experiments\myedge168_compare9_rerun_20260527\outputs_raw\CBF\haiyangkadun.12_CBF.jpg,D:\Desktop\Stage1Codex\experiments\myedge168_compare9_rerun_20260527\outputs_normalized\CBF\haiyangkadun.12.jpg,b7f3e59ba035645dbc971360095eb875e2ffbe25c4b2511b026b660feac95656
CBF,haiyangkadun.13,haiyangkadun.13.jpg,9973c40ce71650c392629665acd1e6cb2844f73cd39a7e669d9f61def5c99e15,D:\Desktop\Stage1Codex\experiments\myedge168_compare9_rerun_20260527\outputs_raw\CBF\haiyangkadun.13_CBF.jpg,D:\Desktop\Stage1Codex\experiments\myedge168_compare9_rerun_20260527\outputs_normalized\CBF\haiyangkadun.13.jpg,6ca8f9206cbdaf470e66f22f8f135b2f761e6146528bd38a8733aa0361b9daa6
CBF,haiyangkadun.14,haiyangkadun.14.jpg,0a2466c7273388d7f923ba30db725407e6bd34c2be7213081b45c144a00c84ce,D:\Desktop\Stage1Codex\experiments\myedge168_compare9_rerun_20260527\outputs_raw\CBF\haiyangkadun.14_CBF.jpg,D:\Desktop\Stage1Codex\experiments\myedge168_compare9_rerun_20260527\outputs_normalized\CBF\haiyangkadun.14.jpg,7faa0b1ef380e12a89aabdb76a228a3bcf5bf55321fbe34e544beff9d60ee89d
CBF,haiyangkadun.15,haiyangkadun.15.jpg,579332f86cd56f0e2a2bb5a80e80a3d6bc07b80569dd1a4f67d29f853a6b5d42,D:\Desktop\Stage1Codex\experiments\myedge168_compare9_rerun_20260527\outputs_raw\CBF\haiyangkadun.15_CBF.jpg,D:\Desktop\Stage1Codex\experiments\myedge168_compare9_rerun_20260527\outputs_normalized\CBF\haiyangkadun.15.jpg,6b7addef213c6e6828a32f2a264401b4b761a480b1b13f200f2fd44ddc99972f
CBF,haiyangkadun.16,haiyangkadun.16.jpg,ecccb0cc60d04d4b2a36619d60cbc6d5c3094675abb2a7f158e84e10a36caed4,D:\Desktop\Stage1Codex\experiments\myedge168_compare9_rerun_20260527\outputs_raw\CBF\haiyangkadun.16_CBF.jpg,D:\Desktop\Stage1Codex\experiments\myedge168_compare9_rerun_20260527\outputs_normalized\CBF\haiyangkadun.16.jpg,67f543fcd1db1f8446376987a231933e87e5c75ba0f22153497594444b14570f
CBF,haiyangkadun.19,haiyangkadun.19.jpg,b139641dea08297ae2ac0abb57a8dcba27560bb047748941eaf829a4428d7690,D:\Desktop\Stage1Codex\experiments\myedge168_compare9_rerun_20260527\outputs_raw\CBF\haiyangkadun.19_CBF.jpg,D:\Desktop\Stage1Codex\experiments\myedge168_compare9_rerun_20260527\outputs_normalized\CBF\haiyangkadun.19.jpg,3d423eaf6cd613193da69adc5e2b609351bd2ba18737b71fbc76b1f76ae78ffc
CBF,haiyangkadun.20,haiyangkadun.20.jpg,0c209238e5352f4d43b7a3984652f2669e47621e17ad4f3929fbb6a7e9b6e605,D:\Desktop\Stage1Codex\experiments\myedge168_compare9_rerun_20260527\outputs_raw\CBF\haiyangkadun.20_CBF.jpg,D:\Desktop\Stage1Codex\experiments\myedge168_compare9_rerun_20260527\outputs_normalized\CBF\haiyangkadun.20.jpg,dfef902d884ce41fba49cdcc8a2a09fb6ed31f697e535f6f25507e3983275527
CBF,haiyangkadun.9,haiyangkadun.9.jpg,4c9ee7788bf0c9be2e5aabe3e4fca21b434576861581dadbc0279b4727b1aa79,D:\Desktop\Stage1Codex\experiments\myedge168_compare9_rerun_20260527\outputs_raw\CBF\haiyangkadun.9_CBF.jpg,D:\Desktop\Stage1Codex\experiments\myedge168_compare9_rerun_20260527\outputs_normalized\CBF\haiyangkadun.9.jpg,70eaf10c747f00dc1e06a15445dca38d366fad39528e4156d6592e1b2d5beadd
CBF,haiyangyuanjia.6,haiyangyuanjia.6.jpg,4478b9132a321e40ff8c0a2b2d07edbea83ddc2fe58a67c2403d50b0ef1337b8,D:\Desktop\Stage1Codex\experiments\myedge168_compare9_rerun_20260527\outputs_raw\CBF\haiyangyuanjia.6_CBF.jpg,D:\Desktop\Stage1Codex\experiments\myedge168_compare9_rerun_20260527\outputs_normalized\CBF\haiyangyuanjia.6.jpg,aa92c0cc12118a56bee56ceb1b3253889f2a97b350431a78a14d81a47cc0993d
CBF,haiyangyuanjia.7,haiyangyuanjia.7.jpg,419f6cef1f72436607cd59ba107ae91f9cda73995ebc3fa8a5c399032e5096d5,D:\Desktop\Stage1Codex\experiments\myedge168_compare9_rerun_20260527\outputs_raw\CBF\haiyangyuanjia.7_CBF.jpg,D:\Desktop\Stage1Codex\experiments\myedge168_compare9_rerun_20260527\outputs_normalized\CBF\haiyangyuanjia.7.jpg,7c42affa2bfc00bca1d14835084e0bd402d203add3a7c18b50eaa7d107f02961
CBF,haiyangyuanjia.8,haiyangyuanjia.8.jpg,d8d84050eedb2caa243f86a6e2570f3810416490e3fe3c50940fdd50d4e2131c,D:\Desktop\Stage1Codex\experiments\myedge168_compare9_rerun_20260527\outputs_raw\CBF\haiyangyuanjia.8_CBF.jpg,D:\Desktop\Stage1Codex\experiments\myedge168_compare9_rerun_20260527\outputs_normalized\CBF\haiyangyuanjia.8.jpg,59cc5f27c78eff603deed1f25685173eddf3a22029975bac15842a6307741029
CBF,jianci.4,jianci.4.jpg,35a28f1cef54067e8b7d2de716f7d36460186a951594aa01043fcd19604d2497,D:\Desktop\Stage1Codex\experiments\myedge168_compare9_rerun_20260527\outputs_raw\CBF\jianci.4_CBF.jpg,D:\Desktop\Stage1Codex\experiments\myedge168_compare9_rerun_20260527\outputs_normalized\CBF\jianci.4.jpg,e2f00e5fb2fd795b782ca693d746363f80b021284a0606df6e674f69bd023fc9
CBF,jianci.5,jianci.5.jpg,ed1f6938ed3f5db7c3cfd00c9835d05d6df5f70d576a84ff3d6d031e7dac970e,D:\Desktop\Stage1Codex\experiments\myedge168_compare9_rerun_20260527\outputs_raw\CBF\jianci.5_CBF.jpg,D:\Desktop\Stage1Codex\experiments\myedge168_compare9_rerun_20260527\outputs_normalized\CBF\jianci.5.jpg,a4e48d61991328bbd82b137a302b483ce6c9379eb8dc1f8d0b0a8430d16da512
CBF,jianci.6,jianci.6.jpg,3a8c046059b6f1e049a8bc5da0ee9d9f1e56b7e08542a34915307fd3da6d59be,D:\Desktop\Stage1Codex\experiments\myedge168_compare9_rerun_20260527\outputs_raw\CBF\jianci.6_CBF.jpg,D:\Desktop\Stage1Codex\experiments\myedge168_compare9_rerun_20260527\outputs_normalized\CBF\jianci.6.jpg,12284b99140a6a83e936007a4463907fa6a657e38668045acabc1dac04130887
CBF,jiaomaozao.13,jiaomaozao.13.jpg,947446d72725d71b342185e36f33c24c0a227b25b90b17f210d4f09d36514ead,D:\Desktop\Stage1Codex\experiments\myedge168_compare9_rerun_20260527\outputs_raw\CBF\jiaomaozao.13_CBF.jpg,D:\Desktop\Stage1Codex\experiments\myedge168_compare9_rerun_20260527\outputs_normalized\CBF\jiaomaozao.13.jpg,0265259865814c31758e08dcd8c59a66a9a3ff1eda6dd9aa7cd1d86fa04ba0e3
CBF,jiaomaozao.14,jiaomaozao.14.jpg,a4961d2c7b6f0da037a38ed8be0fe685a3040c4e1142e250617b2839510cfd0d,D:\Desktop\Stage1Codex\experiments\myedge168_compare9_rerun_20260527\outputs_raw\CBF\jiaomaozao.14_CBF.jpg,D:\Desktop\Stage1Codex\experiments\myedge168_compare9_rerun_20260527\outputs_normalized\CBF\jiaomaozao.14.jpg,60d3c65d9af67ad6f1acad4b6a0cd427161c9b8df751505ef763bc11e413dad6
CBF,jiaomaozao.17,jiaomaozao.17.jpg,4ade7988966a2d4c0a1f25bde7568bdd2c4781160c9bc7aaeb8683283b359bc4,D:\Desktop\Stage1Codex\experiments\myedge168_compare9_rerun_20260527\outputs_raw\CBF\jiaomaozao.17_CBF.jpg,D:\Desktop\Stage1Codex\experiments\myedge168_compare9_rerun_20260527\outputs_normalized\CBF\jiaomaozao.17.jpg,f76a41db20098bfe1d176d2e821986ce2dac4ab9d53ffc9b94f9f2c18190745c
CBF,jiaomaozao.18,jiaomaozao.18.jpg,29025e321a53a91a65f0e3f84037b4aee45e4de9f74520738a779359bfc505fd,D:\Desktop\Stage1Codex\experiments\myedge168_compare9_rerun_20260527\outputs_raw\CBF\jiaomaozao.18_CBF.jpg,D:\Desktop\Stage1Codex\experiments\myedge168_compare9_rerun_20260527\outputs_normalized\CBF\jiaomaozao.18.jpg,edd252560e87440549cc9b5650354d97837dc238d32dfd58f02324b9c7f3b4dc
CBF,jiaomaozao.19,jiaomaozao.19.jpg,b702eca164ac251ce12d99ce8721a676d0a046a4b3be8a0736a1af1f7f86d3f5,D:\Desktop\Stage1Codex\experiments\myedge168_compare9_rerun_20260527\outputs_raw\CBF\jiaomaozao.19_CBF.jpg,D:\Desktop\Stage1Codex\experiments\myedge168_compare9_rerun_20260527\outputs_normalized\CBF\jiaomaozao.19.jpg,2bcbbc6ae23af624f23601889f943c9c5978f2e8e91df661e4f364b1055e4997
CBF,jiaomaozao.26,jiaomaozao.26.jpg,9c1b2198be4e78c5107c0b1000ba55813d69237db7954d48f488d5ddf875f037,D:\Desktop\Stage1Codex\experiments\myedge168_compare9_rerun_20260527\outputs_raw\CBF\jiaomaozao.26_CBF.jpg,D:\Desktop\Stage1Codex\experiments\myedge168_compare9_rerun_20260527\outputs_normalized\CBF\jiaomaozao.26.jpg,61337555c4c477830cf4892bf47d5ef2135876fc306f48bfc29fc54383ee637b
CBF,jiaomaozao.27,jiaomaozao.27.jpg,7094c60f01b05feab4362e56bcbbbca331903ef0f92bafe084ac4a07ebbf32c2,D:\Desktop\Stage1Codex\experiments\myedge168_compare9_rerun_20260527\outputs_raw\CBF\jiaomaozao.27_CBF.jpg,D:\Desktop\Stage1Codex\experiments\myedge168_compare9_rerun_20260527\outputs_normalized\CBF\jiaomaozao.27.jpg,5447665d26d7371a86dfa48ab8348ed6148c877cfe3d9c90887354ff0e3b688e
CBF,jiaomaozao.28,jiaomaozao.28.jpg,31ff3fd7b61d229d109bc9b3f756d8ac10d58261c909b82328bed627bd453d5a,D:\Desktop\Stage1Codex\experiments\myedge168_compare9_rerun_20260527\outputs_raw\CBF\jiaomaozao.28_CBF.jpg,D:\Desktop\Stage1Codex\experiments\myedge168_compare9_rerun_20260527\outputs_normalized\CBF\jiaomaozao.28.jpg,6635cfab48e7f7c106b1dd4c580c454fb6d5857ebe7358ca7311d1a5365d8ed5
CBF,jiaomaozao.29,jiaomaozao.29.jpg,f66a6b9cdfd3d9894e57fdd735aff4dd3140879bb183612b100a0f6f595991da,D:\Desktop\Stage1Codex\experiments\myedge168_compare9_rerun_20260527\outputs_raw\CBF\jiaomaozao.29_CBF.jpg,D:\Desktop\Stage1Codex\experiments\myedge168_compare9_rerun_20260527\outputs_normalized\CBF\jiaomaozao.29.jpg,930f00e6c6c8c71898660a5fc675dd665e24318bb2c32ae72b7ba13b692828d9
CBF,juciqigou.3,juciqigou.3.jpg,a611af505f433809c5f905ab8798e8837ac9d3bfb2d314bfaee66a2eff45a7d1,D:\Desktop\Stage1Codex\experiments\myedge168_compare9_rerun_20260527\outputs_raw\CBF\juciqigou.3_CBF.jpg,D:\Desktop\Stage1Codex\experiments\myedge168_compare9_rerun_20260527\outputs_normalized\CBF\juciqigou.3.jpg,f496df1e1a889e138a036607b4a46ef0dd45001e8b31941e5fc1277396aa3531
CBF,kailun.2,kailun.2.jpg,5e39dd6e9ae0ed1a927d44c9f74e039427f9d7debbe1b6930e49f3f1f024952d,D:\Desktop\Stage1Codex\experiments\myedge168_compare9_rerun_20260527\outputs_raw\CBF\kailun.2_CBF.jpg,D:\Desktop\Stage1Codex\experiments\myedge168_compare9_rerun_20260527\outputs_normalized\CBF\kailun.2.jpg,9c25d8eeb73eb92844fe9f2291cf678b58182255ca07a0b0da152c59b7532786
CBF,lianzhuang.4,lianzhuang.4.jpg,b9eb1910b1fb070149c18b74d1926c8be94e5dd9f33971ee157bf5e580deff87,D:\Desktop\Stage1Codex\experiments\myedge168_compare9_rerun_20260527\outputs_raw\CBF\lianzhuang.4_CBF.jpg,D:\Desktop\Stage1Codex\experiments\myedge168_compare9_rerun_20260527\outputs_normalized\CBF\lianzhuang.4.jpg,7e2a3377897efc543ab84809ec26010c7e3adb2fe0446ef5a00398fbbc9d7770
CBF,lianzhuang.5,lianzhuang.5.jpg,0db217aa8e30004ce1ca648a375ff2a26079c554f123542df84e9557f91d81e4,D:\Desktop\Stage1Codex\experiments\myedge168_compare9_rerun_20260527\outputs_raw\CBF\lianzhuang.5_CBF.jpg,D:\Desktop\Stage1Codex\experiments\myedge168_compare9_rerun_20260527\outputs_normalized\CBF\lianzhuang.5.jpg,5078af0fad49e51ec41da401ea4b850f9b1ab502e33d3f14b65b90fd16a393e4
CBF,lianzhuang.6,lianzhuang.6.jpg,fb3d756bf52a06173d7cb19af7b448aa52442fad86d9e0d8f4bdeea2b96e830e,D:\Desktop\Stage1Codex\experiments\myedge168_compare9_rerun_20260527\outputs_raw\CBF\lianzhuang.6_CBF.jpg,D:\Desktop\Stage1Codex\experiments\myedge168_compare9_rerun_20260527\outputs_normalized\CBF\lianzhuang.6.jpg,7d16a9b2e854070638c8f0ab3af1a3078bd400ce73f56284dbfe67b91fe87b1b
CBF,lianzhuangluojia.10,lianzhuangluojia.10.jpg,378994bf9c852b09406e496f4c87ed604e97e9e51646890b29a33eeeac3e0962,D:\Desktop\Stage1Codex\experiments\myedge168_compare9_rerun_20260527\outputs_raw\CBF\lianzhuangluojia.10_CBF.jpg,D:\Desktop\Stage1Codex\experiments\myedge168_compare9_rerun_20260527\outputs_normalized\CBF\lianzhuangluojia.10.jpg,fa7c9a722bfb4d023158dc7fab7f30080fda6f1037e590307f0f8ebca90a6c0a
CBF,lianzhuangluojia.11,lianzhuangluojia.11.jpg,d91764d77e338ad81f0a3c9e415e120735d1ab00416d33c5c44858b01bfae4dd,D:\Desktop\Stage1Codex\experiments\myedge168_compare9_rerun_20260527\outputs_raw\CBF\lianzhuangluojia.11_CBF.jpg,D:\Desktop\Stage1Codex\experiments\myedge168_compare9_rerun_20260527\outputs_normalized\CBF\lianzhuangluojia.11.jpg,44b2583cd34596b2a1302aa8168cf29f17190fdcf39fee708cce41c3d6c77ade
CBF,lianzhuangluojia.12,lianzhuangluojia.12.jpg,a352d8805d7fd22f437fa23c28a151602112b02130aee56c1b0e5a8084f138a1,D:\Desktop\Stage1Codex\experiments\myedge168_compare9_rerun_20260527\outputs_raw\CBF\lianzhuangluojia.12_CBF.jpg,D:\Desktop\Stage1Codex\experiments\myedge168_compare9_rerun_20260527\outputs_normalized\CBF\lianzhuangluojia.12.jpg,68de2b74d3bddc6354d766f4686871ec83b8cde8f83cfdde2cb4b85ce2e64bf7
CBF,lianzhuangluojia.13,lianzhuangluojia.13.jpg,5c901301cb2de87917ce097674637579428facfe1432a31f21039e69b9a75fe8,D:\Desktop\Stage1Codex\experiments\myedge168_compare9_rerun_20260527\outputs_raw\CBF\lianzhuangluojia.13_CBF.jpg,D:\Desktop\Stage1Codex\experiments\myedge168_compare9_rerun_20260527\outputs_normalized\CBF\lianzhuangluojia.13.jpg,8cce9582bf5fa15788f5f893dbf21c8e2bb3ce2154f2eac6eefed0676d3a7f1f
CBF,lianzhuangluojia.14,lianzhuangluojia.14.jpg,9d86b558a5127c2f33abb675b1f0bf792d9bf56de3ced6bd96f86be4417bc23a,D:\Desktop\Stage1Codex\experiments\myedge168_compare9_rerun_20260527\outputs_raw\CBF\lianzhuangluojia.14_CBF.jpg,D:\Desktop\Stage1Codex\experiments\myedge168_compare9_rerun_20260527\outputs_normalized\CBF\lianzhuangluojia.14.jpg,070f5d9de78028fff049f5e14a84cbc0f2ed14bf6a8b74586830e7c05df1c2c8
CBF,lianzhuangluojia.8,lianzhuangluojia.8.jpg,cf94de6c24b5942823e9928d166a20813076eca322b1924670eaf117c5681110,D:\Desktop\Stage1Codex\experiments\myedge168_compare9_rerun_20260527\outputs_raw\CBF\lianzhuangluojia.8_CBF.jpg,D:\Desktop\Stage1Codex\experiments\myedge168_compare9_rerun_20260527\outputs_normalized\CBF\lianzhuangluojia.8.jpg,0bf4b3e99897a4f58e289f96a30c6b06943f06756fdd08ef2b782d014d76002b
CBF,lianzhuangluojia.9,lianzhuangluojia.9.jpg,b5d2a3b436b586a576781ba0cfedef02fe9239f7cc9df2cc493fe33c1e6c30b9,D:\Desktop\Stage1Codex\experiments\myedge168_compare9_rerun_20260527\outputs_raw\CBF\lianzhuangluojia.9_CBF.jpg,D:\Desktop\Stage1Codex\experiments\myedge168_compare9_rerun_20260527\outputs_normalized\CBF\lianzhuangluojia.9.jpg,0adba8ad7db264204c8bef9b6ff040652d9d903c9399312efc4a0455bb2688a4
CBF,limayuanjia.10,limayuanjia.10.jpg,cb5dbcc5071ccab0f8a661a9a8247b1b43da674deaaed84daf8095f2aea6887c,D:\Desktop\Stage1Codex\experiments\myedge168_compare9_rerun_20260527\outputs_raw\CBF\limayuanjia.10_CBF.jpg,D:\Desktop\Stage1Codex\experiments\myedge168_compare9_rerun_20260527\outputs_normalized\CBF\limayuanjia.10.jpg,023eb08e8616a219ab87df513e018d9d13afec0639ab6de7c3ebe794522b06fc
CBF,limayuanjia.11,limayuanjia.11.jpg,d30fe6aa10368452c7ccf710e2d9da0350ebdecc6d56480d5c0702c0f6cb2e9f,D:\Desktop\Stage1Codex\experiments\myedge168_compare9_rerun_20260527\outputs_raw\CBF\limayuanjia.11_CBF.jpg,D:\Desktop\Stage1Codex\experiments\myedge168_compare9_rerun_20260527\outputs_normalized\CBF\limayuanjia.11.jpg,ad09b2e846448197acaf1ea1325c7f54fd2c315c00c0781caf29f92155bb68be
CBF,limayuanjia.12,limayuanjia.12.jpg,0b929dc386dd8feefa29fdb6cf5f51be7505f895533ca8dd6f0397d25886cb0a,D:\Desktop\Stage1Codex\experiments\myedge168_compare9_rerun_20260527\outputs_raw\CBF\limayuanjia.12_CBF.jpg,D:\Desktop\Stage1Codex\experiments\myedge168_compare9_rerun_20260527\outputs_normalized\CBF\limayuanjia.12.jpg,221213d0404d2745c9b79cccedbfc58b489e327dff9057ccaedfa7679c33d020
CBF,limayuanjia.13,limayuanjia.13.jpg,321ac335c1519ce50a8df1bbb568c7daf9b6bfaf9d271ca20c9e4fb6ff3165ad,D:\Desktop\Stage1Codex\experiments\myedge168_compare9_rerun_20260527\outputs_raw\CBF\limayuanjia.13_CBF.jpg,D:\Desktop\Stage1Codex\experiments\myedge168_compare9_rerun_20260527\outputs_normalized\CBF\limayuanjia.13.jpg,3fe3109542786b906d8550cf2fd908941a639af7488813834b38a72a4d02f6e6
CBF,limayuanjia.14,limayuanjia.14.jpg,b0903851e72d0fbb99355bc1a52ccee8968e1d9848b2c21b632ec6641cd7802b,D:\Desktop\Stage1Codex\experiments\myedge168_compare9_rerun_20260527\outputs_raw\CBF\limayuanjia.14_CBF.jpg,D:\Desktop\Stage1Codex\experiments\myedge168_compare9_rerun_20260527\outputs_normalized\CBF\limayuanjia.14.jpg,7048bcf9255dfda8298166147e9b180af08c832ccb909bdc9d224703032c0567
CBF,limayuanjia.15,limayuanjia.15.jpg,bb5ec08f857016bbc8ce43a2781576e9bd37e4ba7602521fdf57fff94611a7a0,D:\Desktop\Stage1Codex\experiments\myedge168_compare9_rerun_20260527\outputs_raw\CBF\limayuanjia.15_CBF.jpg,D:\Desktop\Stage1Codex\experiments\myedge168_compare9_rerun_20260527\outputs_normalized\CBF\limayuanjia.15.jpg,81851662b9861ac4dbe99c26613485b3b54f62f474cd0e654cf1f9130a6aa86a
CBF,limayuanjia.16,limayuanjia.16.jpg,e4598873f352f933c07d6296a92f05712001180cd8831c2daff4b99332c3d845,D:\Desktop\Stage1Codex\experiments\myedge168_compare9_rerun_20260527\outputs_raw\CBF\limayuanjia.16_CBF.jpg,D:\Desktop\Stage1Codex\experiments\myedge168_compare9_rerun_20260527\outputs_normalized\CBF\limayuanjia.16.jpg,79d59471d0bc930bc117c491e8b50682caae3e78a8a7957051f909bcba96247a
CBF,limayuanjia.18,limayuanjia.18.jpg,0b51e2df86091a6672af6eceb70e933830120f7c2e8b8ea29abf25bb19075127,D:\Desktop\Stage1Codex\experiments\myedge168_compare9_rerun_20260527\outputs_raw\CBF\limayuanjia.18_CBF.jpg,D:\Desktop\Stage1Codex\experiments\myedge168_compare9_rerun_20260527\outputs_normalized\CBF\limayuanjia.18.jpg,ce548a5829047a12755fdc649906aecf136e4a07452985284a403afc02e0bfaf
CBF,limayuanjia.9,limayuanjia.9.jpg,318a8fb979eb7663bdd5348692744d2bf56ecbf9666c5157d4888d2ed0339cc7,D:\Desktop\Stage1Codex\experiments\myedge168_compare9_rerun_20260527\outputs_raw\CBF\limayuanjia.9_CBF.jpg,D:\Desktop\Stage1Codex\experiments\myedge168_compare9_rerun_20260527\outputs_normalized\CBF\limayuanjia.9.jpg,8f52d34888636ced3a46f3475d8db41512597fb50ddf3cb5629db49871981a53
CBF,lingxinghaixian.5,lingxinghaixian.5.jpg,051267ff8a4ed998eed01b24132d07baa54c4f0c6019b2e6feb18ffe043839d4,D:\Desktop\Stage1Codex\experiments\myedge168_compare9_rerun_20260527\outputs_raw\CBF\lingxinghaixian.5_CBF.jpg,D:\Desktop\Stage1Codex\experiments\myedge168_compare9_rerun_20260527\outputs_normalized\CBF\lingxinghaixian.5.jpg,6237d710ae4295d1aa24f8c83cd87f567425a973b4f7b24ae4e89e026f4c8ed4
CBF,lingxinghaixian.6,lingxinghaixian.6.jpg,1abfb789670e554892bacb89d1d46ea1f32d3e9c47ffb4d8921536f73674ebb7,D:\Desktop\Stage1Codex\experiments\myedge168_compare9_rerun_20260527\outputs_raw\CBF\lingxinghaixian.6_CBF.jpg,D:\Desktop\Stage1Codex\experiments\myedge168_compare9_rerun_20260527\outputs_normalized\CBF\lingxinghaixian.6.jpg,abf150a00b12919e0de9643174b66aced4a0aaaa9adb2187fa509a31efeb2366
CBF,luojiazao.4,luojiazao.4.jpg,8623b3a223c795bdf2c36d917f7b40766ae28a57b5ea7421c5300ba05d7431e8,D:\Desktop\Stage1Codex\experiments\myedge168_compare9_rerun_20260527\outputs_raw\CBF\luojiazao.4_CBF.jpg,D:\Desktop\Stage1Codex\experiments\myedge168_compare9_rerun_20260527\outputs_normalized\CBF\luojiazao.4.jpg,8e9541a5cd552200962174874099e148d012a63bea0eb7977e9ac14c904b66f4
CBF,luojiazao.5,luojiazao.5.jpg,642b0590af07028249bdf2ca28909a91b034749ceec1768dbac45a9ebe10d34a,D:\Desktop\Stage1Codex\experiments\myedge168_compare9_rerun_20260527\outputs_raw\CBF\luojiazao.5_CBF.jpg,D:\Desktop\Stage1Codex\experiments\myedge168_compare9_rerun_20260527\outputs_normalized\CBF\luojiazao.5.jpg,628f5bc45d43d3cae6aea19d26fa0a15c2ea70466291d10d8deca9a064c7ce86
CBF,luojiazao.6,luojiazao.6.jpg,440e0a2bd96807c5f095d50e4ff9ddb1bbfc5a144edbdf8dcda78cf7ccc7be70,D:\Desktop\Stage1Codex\experiments\myedge168_compare9_rerun_20260527\outputs_raw\CBF\luojiazao.6_CBF.jpg,D:\Desktop\Stage1Codex\experiments\myedge168_compare9_rerun_20260527\outputs_normalized\CBF\luojiazao.6.jpg,1fabd66cfdde8ad4f7207a13933cd1556bc419d4b28ad5f526326e7285dcb17f
CBF,luoshijiaomao.3,luoshijiaomao.3.jpg,0fbfefc3976a5c4eff1bf0fb5dd5175f55f0b906cbae3d9ad7432db2f16d638b,D:\Desktop\Stage1Codex\experiments\myedge168_compare9_rerun_20260527\outputs_raw\CBF\luoshijiaomao.3_CBF.jpg,D:\Desktop\Stage1Codex\experiments\myedge168_compare9_rerun_20260527\outputs_normalized\CBF\luoshijiaomao.3.jpg,bfbddf72de7ba08e46528173e84a8706b4d48f6df04b0d841912a1a656a99e3b
CBF,luoshijiaomao.4,luoshijiaomao.4.jpg,acbe33718cc5d1846e5f8412040e0b2f6e5aa9aa46e1192f1fc307bc811d4c3e,D:\Desktop\Stage1Codex\experiments\myedge168_compare9_rerun_20260527\outputs_raw\CBF\luoshijiaomao.4_CBF.jpg,D:\Desktop\Stage1Codex\experiments\myedge168_compare9_rerun_20260527\outputs_normalized\CBF\luoshijiaomao.4.jpg,c45b577292fd7c56d375c5968be4282e27f07823ba804ba7255c7026640bd3ef
CBF,mashi.2,mashi.2.jpg,e23921da5df461e71cd2ca96de2d8a52589b007051c3b0db48c03934626e76f9,D:\Desktop\Stage1Codex\experiments\myedge168_compare9_rerun_20260527\outputs_raw\CBF\mashi.2_CBF.jpg,D:\Desktop\Stage1Codex\experiments\myedge168_compare9_rerun_20260527\outputs_normalized\CBF\mashi.2.jpg,00f322c09f1e9cefa109e20665d03cf031b864701370a06dff1b4c9e68040a75
CBF,mishikailun.8,mishikailun.8.jpg,410219ee7b3bd8d39a7b724b5cbed1a88a2f5c39aa1d939bd3ebb10185aa38a5,D:\Desktop\Stage1Codex\experiments\myedge168_compare9_rerun_20260527\outputs_raw\CBF\mishikailun.8_CBF.jpg,D:\Desktop\Stage1Codex\experiments\myedge168_compare9_rerun_20260527\outputs_normalized\CBF\mishikailun.8.jpg,7113f933fc8a3a5c34c270609fdd21a921694b289e2a77fdb293ffa278e0fbc4
CBF,nilingxing.3,nilingxing.3.jpg,40a38ef366a220d99ddebd4a5141d0fc8d38efabf585c7bb14514ecd41d7ba21,D:\Desktop\Stage1Codex\experiments\myedge168_compare9_rerun_20260527\outputs_raw\CBF\nilingxing.3_CBF.jpg,D:\Desktop\Stage1Codex\experiments\myedge168_compare9_rerun_20260527\outputs_normalized\CBF\nilingxing.3.jpg,10975f3cfc86c15f01769f22cf29e074eafd980193fb228e4091b54ec2996d5f
CBF,nilingxing.4,nilingxing.4.jpg,0dd814b1c3e165f545888716e8915c2c5b7504a6e2da9ee882bb6788ce737bbe,D:\Desktop\Stage1Codex\experiments\myedge168_compare9_rerun_20260527\outputs_raw\CBF\nilingxing.4_CBF.jpg,D:\Desktop\Stage1Codex\experiments\myedge168_compare9_rerun_20260527\outputs_normalized\CBF\nilingxing.4.jpg,54841bedd4e7c7e9de9729262432d7e9ab41dfded4fbe41b6e89ae4de57ca49d
CBF,paige.4,paige.4.jpg,3f8e3a80b707fda808921b5289f048a18794b4635218eac0c2ab3b7fd16bd81f,D:\Desktop\Stage1Codex\experiments\myedge168_compare9_rerun_20260527\outputs_raw\CBF\paige.4_CBF.jpg,D:\Desktop\Stage1Codex\experiments\myedge168_compare9_rerun_20260527\outputs_normalized\CBF\paige.4.jpg,6ebb7a8748f0978195e6ca5687256bcb7ed78f778cccb57f3fe17abad52966af
CBF,paige.5,paige.5.jpg,d221389e114349768734a07af85daa3778b0c1b5664c5dd0b872fefc3ee4c8ec,D:\Desktop\Stage1Codex\experiments\myedge168_compare9_rerun_20260527\outputs_raw\CBF\paige.5_CBF.jpg,D:\Desktop\Stage1Codex\experiments\myedge168_compare9_rerun_20260527\outputs_normalized\CBF\paige.5.jpg,3812a7ac6ee78e409caf0c3e1ed02e580a24eaebc8eb14ac652bc14375209c89
CBF,qiangzhuang.12,qiangzhuang.12.jpg,b1bd9dfdd81e37fa634a07c24712bee830dbe774179814a72eefe5055f283817,D:\Desktop\Stage1Codex\experiments\myedge168_compare9_rerun_20260527\outputs_raw\CBF\qiangzhuang.12_CBF.jpg,D:\Desktop\Stage1Codex\experiments\myedge168_compare9_rerun_20260527\outputs_normalized\CBF\qiangzhuang.12.jpg,6a30fa50a5bfbed4d5194f60343659d726eb3fdd7d17358355ba713e200f1c74
CBF,qiangzhuang.13,qiangzhuang.13.jpg,bc5a1c867bfa21cdec9b994e6e46605ad7d873a3f9b7239ccb7df62c65ba44df,D:\Desktop\Stage1Codex\experiments\myedge168_compare9_rerun_20260527\outputs_raw\CBF\qiangzhuang.13_CBF.jpg,D:\Desktop\Stage1Codex\experiments\myedge168_compare9_rerun_20260527\outputs_normalized\CBF\qiangzhuang.13.jpg,aa6968cbf263597c083abdb8f30ffdb937639843fe78d37eb883521e65d5e9d3
CBF,qiangzhuang.14,qiangzhuang.14.jpg,a234958918ef5421224ea285d1a33b60c528f55c377d956021e5d8cf587358f9,D:\Desktop\Stage1Codex\experiments\myedge168_compare9_rerun_20260527\outputs_raw\CBF\qiangzhuang.14_CBF.jpg,D:\Desktop\Stage1Codex\experiments\myedge168_compare9_rerun_20260527\outputs_normalized\CBF\qiangzhuang.14.jpg,68f6ae7c2324fe851149c0149597e0beb6a919ddac09a1e1e2ddc66678de9152
CBF,qiangzhuang.15,qiangzhuang.15.jpg,fbd2aba8ee7218086be6c6d26080a69ef718f185b20670de94f8525c93361896,D:\Desktop\Stage1Codex\experiments\myedge168_compare9_rerun_20260527\outputs_raw\CBF\qiangzhuang.15_CBF.jpg,D:\Desktop\Stage1Codex\experiments\myedge168_compare9_rerun_20260527\outputs_normalized\CBF\qiangzhuang.15.jpg,eaac6cc1099b7ba00b079d5c406cdabb253adc004880fd6adda00963315f50f5
CBF,qiangzhuang.16,qiangzhuang.16.jpg,d122ebff56f6484a9cc3a5932b8ebc060f82c612f5a6fabf38e8cfe24ce4ba8c,D:\Desktop\Stage1Codex\experiments\myedge168_compare9_rerun_20260527\outputs_raw\CBF\qiangzhuang.16_CBF.jpg,D:\Desktop\Stage1Codex\experiments\myedge168_compare9_rerun_20260527\outputs_normalized\CBF\qiangzhuang.16.jpg,3751df6d075f918b5420f222cbd37f06075dd9876b9fc8357fe9f5da252863c9
CBF,qiangzhuang.17,qiangzhuang.17.jpg,b4843dbe422e4894b53171bb103fc458b2d6533d2874543b1dce3b18f637a6cd,D:\Desktop\Stage1Codex\experiments\myedge168_compare9_rerun_20260527\outputs_raw\CBF\qiangzhuang.17_CBF.jpg,D:\Desktop\Stage1Codex\experiments\myedge168_compare9_rerun_20260527\outputs_normalized\CBF\qiangzhuang.17.jpg,2913d6474eba473ac454fe526743d08848cde6ef7b0b9ec1657f121d2d81b764
CBF,qiangzhuang.18,qiangzhuang.18.jpg,07912314c617d8faea022ecfa1a1b8cd0630a705a3395d727163fd0f4e61d0df,D:\Desktop\Stage1Codex\experiments\myedge168_compare9_rerun_20260527\outputs_raw\CBF\qiangzhuang.18_CBF.jpg,D:\Desktop\Stage1Codex\experiments\myedge168_compare9_rerun_20260527\outputs_normalized\CBF\qiangzhuang.18.jpg,4fcbece935c83a03ad4657d27cd547d30f142999148db610af23e91be0055ec9
CBF,qiangzhuang.19,qiangzhuang.19.jpg,8861fd09b475b0ae4cc7aa0aa5cda125d7825a5cc61625612e0757082e9be98b,D:\Desktop\Stage1Codex\experiments\myedge168_compare9_rerun_20260527\outputs_raw\CBF\qiangzhuang.19_CBF.jpg,D:\Desktop\Stage1Codex\experiments\myedge168_compare9_rerun_20260527\outputs_normalized\CBF\qiangzhuang.19.jpg,4349999bbafcdc882c46b27647eafd192f597c24f0c36c74308709b122637dd4
CBF,qiangzhuang.20,qiangzhuang.20.jpg,ec05362429ee110c52546c3714b4dce230394a52e87735c3e194a4038dca003c,D:\Desktop\Stage1Codex\experiments\myedge168_compare9_rerun_20260527\outputs_raw\CBF\qiangzhuang.20_CBF.jpg,D:\Desktop\Stage1Codex\experiments\myedge168_compare9_rerun_20260527\outputs_normalized\CBF\qiangzhuang.20.jpg,063595ea7325f4640775e4a0004b430dfb37c4005d3b67789c1f9911b1e9cc64
CBF,qiangzhuang.21,qiangzhuang.21.jpg,b867b5ef54205224c8c4e23e55f228799325b4c323d4c562ff81c68156cf575b,D:\Desktop\Stage1Codex\experiments\myedge168_compare9_rerun_20260527\outputs_raw\CBF\qiangzhuang.21_CBF.jpg,D:\Desktop\Stage1Codex\experiments\myedge168_compare9_rerun_20260527\outputs_normalized\CBF\qiangzhuang.21.jpg,031830a17a074719a6d7362e8c2cf23ce9dc9b27a200f588a5f4f1d518ae5e73
CBF,qiangzhuang.22,qiangzhuang.22.jpg,d5c6e4ec0019b765ec91ad406a60c071703b5a5c71963d170baae70a2a9a82a2,D:\Desktop\Stage1Codex\experiments\myedge168_compare9_rerun_20260527\outputs_raw\CBF\qiangzhuang.22_CBF.jpg,D:\Desktop\Stage1Codex\experiments\myedge168_compare9_rerun_20260527\outputs_normalized\CBF\qiangzhuang.22.jpg,bfaa3f25b1f3883fae69f01462f2c9fddfed7fbe7a7f312810e70faaabad1301
CBF,qiangzhuang.25,qiangzhuang.25.jpg,862393109774402c9146147cc5e4341fbe9c20e744815ad9bc3d1638a6977d54,D:\Desktop\Stage1Codex\experiments\myedge168_compare9_rerun_20260527\outputs_raw\CBF\qiangzhuang.25_CBF.jpg,D:\Desktop\Stage1Codex\experiments\myedge168_compare9_rerun_20260527\outputs_normalized\CBF\qiangzhuang.25.jpg,9fbb572f96adab83cd35adc0606421fd43fc42bee8ce674d6e34e8eaac824a1b
CBF,qiangzhuang.26,qiangzhuang.26.jpg,d2f5c619a92c7ee10c0a931b6e4eb2d49645877b726556fc248419436ea9cda8,D:\Desktop\Stage1Codex\experiments\myedge168_compare9_rerun_20260527\outputs_raw\CBF\qiangzhuang.26_CBF.jpg,D:\Desktop\Stage1Codex\experiments\myedge168_compare9_rerun_20260527\outputs_normalized\CBF\qiangzhuang.26.jpg,415c80c29f47427b5476dc05ccb220ce75a326fa9700f9a1b966d628dd7781d6
CBF,qiangzhuang.28,qiangzhuang.28.jpg,588ad3073af0074baa9c0829f4bd60cd2d57eef98771e002e95a0c1e4de17613,D:\Desktop\Stage1Codex\experiments\myedge168_compare9_rerun_20260527\outputs_raw\CBF\qiangzhuang.28_CBF.jpg,D:\Desktop\Stage1Codex\experiments\myedge168_compare9_rerun_20260527\outputs_normalized\CBF\qiangzhuang.28.jpg,15f3cd94775be4655f0d97aee1a5c1c0a2dc71af624a934df92b42482a80f126
CBF,qiuxing.3,qiuxing.3.jpg,ecedad4276fdc700cac0fd8b3451bef8cddfb572e5a0a905bed41b9e88ddd5a9,D:\Desktop\Stage1Codex\experiments\myedge168_compare9_rerun_20260527\outputs_raw\CBF\qiuxing.3_CBF.jpg,D:\Desktop\Stage1Codex\experiments\myedge168_compare9_rerun_20260527\outputs_normalized\CBF\qiuxing.3.jpg,79fb07102e0df9a396ad9b745f0e4abc4b9f18b36839721eeda112e23a893334
CBF,qiuxing.4,qiuxing.4.jpg,5221abd9954ebd6eb8245a30c891c69590cb061537a5f623e4c25acf299f39da,D:\Desktop\Stage1Codex\experiments\myedge168_compare9_rerun_20260527\outputs_raw\CBF\qiuxing.4_CBF.jpg,D:\Desktop\Stage1Codex\experiments\myedge168_compare9_rerun_20260527\outputs_normalized\CBF\qiuxing.4.jpg,d71d9a54334138ea7e76f5dc794f6600fce64564aea49138050dc170a79ef36a
CBF,redai.3,redai.3.jpg,5c37d27290f0a878027114d1101ee49083774ac8473221c5f5bf9709a68d9546,D:\Desktop\Stage1Codex\experiments\myedge168_compare9_rerun_20260527\outputs_raw\CBF\redai.3_CBF.jpg,D:\Desktop\Stage1Codex\experiments\myedge168_compare9_rerun_20260527\outputs_normalized\CBF\redai.3.jpg,5945169ff026a04a42425eaca1c985468cd1268b66c0e68bb674a126d6f24e9d
CBF,redai.4,redai.4.jpg,f44c6ff6f319e643301518e5df8cecf95c09235c2525474fc444400343d7d46e,D:\Desktop\Stage1Codex\experiments\myedge168_compare9_rerun_20260527\outputs_raw\CBF\redai.4_CBF.jpg,D:\Desktop\Stage1Codex\experiments\myedge168_compare9_rerun_20260527\outputs_normalized\CBF\redai.4.jpg,afd4a7187712fe3c0bc8d63ea8efc0698aacf30eabb12c33ef996ce77cb5bd1c
CBF,ribenxing.3,ribenxing.3.jpg,f64cd4728935909116d0ecbccedc55c3df845ddb6e39b3ca658934a0abdfdfc1,D:\Desktop\Stage1Codex\experiments\myedge168_compare9_rerun_20260527\outputs_raw\CBF\ribenxing.3_CBF.jpg,D:\Desktop\Stage1Codex\experiments\myedge168_compare9_rerun_20260527\outputs_normalized\CBF\ribenxing.3.jpg,31412c29c828abb5517aa5306800e6520f0693e449b81748d67382c6c81ecc14
CBF,ribenxing.4,ribenxing.4.jpg,783f759fb19d4cf057d6101a8afa497fb893cf1d78f8e03cbaa39ae476e7e49f,D:\Desktop\Stage1Codex\experiments\myedge168_compare9_rerun_20260527\outputs_raw\CBF\ribenxing.4_CBF.jpg,D:\Desktop\Stage1Codex\experiments\myedge168_compare9_rerun_20260527\outputs_normalized\CBF\ribenxing.4.jpg,ad2de90ca54d82113330133704c7dc2946d660bdf5043eb8a657d7b7ee1c5b03
CBF,rouruo.3,rouruo.3.jpg,d5957de2e8bb0a62c4088d16ddcede7b3935ed2306f82b2ec9dadb1e1608ad19,D:\Desktop\Stage1Codex\experiments\myedge168_compare9_rerun_20260527\outputs_raw\CBF\rouruo.3_CBF.jpg,D:\Desktop\Stage1Codex\experiments\myedge168_compare9_rerun_20260527\outputs_normalized\CBF\rouruo.3.jpg,f4e3533c3fe2ba47cb75c854fbd11558d172e2e11da2c78cd2d5e6e0ec6b9d76
CBF,rouruo.4,rouruo.4.jpg,39251b7994b20e4c08ba596b655fac66665d3225b5e5dc0e18c9abb1ff8453da,D:\Desktop\Stage1Codex\experiments\myedge168_compare9_rerun_20260527\outputs_raw\CBF\rouruo.4_CBF.jpg,D:\Desktop\Stage1Codex\experiments\myedge168_compare9_rerun_20260527\outputs_normalized\CBF\rouruo.4.jpg,efae032651c32b38eafea5bf7d2c75d2e56f18a1be6e50f2336f703832db1766
CBF,sanjiaoji.10,sanjiaoji.10.jpg,9a27d35e791e6a12ffe5d1c0a6eeee8ef62b03a40dba6e0aceed76c3091cce7f,D:\Desktop\Stage1Codex\experiments\myedge168_compare9_rerun_20260527\outputs_raw\CBF\sanjiaoji.10_CBF.jpg,D:\Desktop\Stage1Codex\experiments\myedge168_compare9_rerun_20260527\outputs_normalized\CBF\sanjiaoji.10.jpg,1a7f5bd6a95f8c9a9baf8df36e244eaba68c8d9ee9b05801115d9dd09deaf9f7
CBF,sanjiaoji.9,sanjiaoji.9.jpg,9b597a75bf0a7f66dadc26c4b5c70a11fd3695c494b3faa8b0ac38d07ef6227d,D:\Desktop\Stage1Codex\experiments\myedge168_compare9_rerun_20260527\outputs_raw\CBF\sanjiaoji.9_CBF.jpg,D:\Desktop\Stage1Codex\experiments\myedge168_compare9_rerun_20260527\outputs_normalized\CBF\sanjiaoji.9.jpg,eb9080ce2376876be12316ebd1ed6cc0c6e80119559de8508f6eb9188396b3c7
CBF,shikelipu.4,shikelipu.4.jpg,61339c44e2928f18cdbcc987828f8cb5242a56533e3206308654e01d9cc5b66a,D:\Desktop\Stage1Codex\experiments\myedge168_compare9_rerun_20260527\outputs_raw\CBF\shikelipu.4_CBF.jpg,D:\Desktop\Stage1Codex\experiments\myedge168_compare9_rerun_20260527\outputs_normalized\CBF\shikelipu.4.jpg,381d6af6b648ec28b5a558fcae863fcd10c14f81eb25a67e071b2c65e97956a4
CBF,shikelipu.5,shikelipu.5.jpg,57dbd9d94f00cbc011bb1772ce3e136be137f5f66a2efa5a986d726400d5333f,D:\Desktop\Stage1Codex\experiments\myedge168_compare9_rerun_20260527\outputs_raw\CBF\shikelipu.5_CBF.jpg,D:\Desktop\Stage1Codex\experiments\myedge168_compare9_rerun_20260527\outputs_normalized\CBF\shikelipu.5.jpg,04ab086003876404ceda1b24b8848836362ca8b54508f4db3f6dc2a671414be8
CBF,suojiao.6,suojiao.6.jpg,9e056a60338271a460b78e993ad1ca5b85ba2140030047cb33c04c35bca3a6d2,D:\Desktop\Stage1Codex\experiments\myedge168_compare9_rerun_20260527\outputs_raw\CBF\suojiao.6_CBF.jpg,D:\Desktop\Stage1Codex\experiments\myedge168_compare9_rerun_20260527\outputs_normalized\CBF\suojiao.6.jpg,306fbb39232c122f0b87740a51a6aca2c0bcbe87bd287792ffb4a888549d22bb
CBF,tama.10,tama.10.jpg,9ffecf67cc8832dacb83235179523ddd58d4756c482cf70ee1edef15f94439a2,D:\Desktop\Stage1Codex\experiments\myedge168_compare9_rerun_20260527\outputs_raw\CBF\tama.10_CBF.jpg,D:\Desktop\Stage1Codex\experiments\myedge168_compare9_rerun_20260527\outputs_normalized\CBF\tama.10.jpg,9f5bc00c2a9ced23eebb2d7bb60286587c4b2f546add28c2ca111236ebe70822
CBF,tama.11,tama.11.jpg,1ec06351b468612da1a0e21d6cc350e0d622c17b0fbaf2d2aa8ef3f37f4d119e,D:\Desktop\Stage1Codex\experiments\myedge168_compare9_rerun_20260527\outputs_raw\CBF\tama.11_CBF.jpg,D:\Desktop\Stage1Codex\experiments\myedge168_compare9_rerun_20260527\outputs_normalized\CBF\tama.11.jpg,ba3eeccf9496f020d10697e989c539fb73dcd8ce8b018529b927ad0b33195eca
CBF,tama.12,tama.12.jpg,7fa6f9a4eb82d336a5f79a8d0957d17df0a807560457dc3dea662aa0b439baea,D:\Desktop\Stage1Codex\experiments\myedge168_compare9_rerun_20260527\outputs_raw\CBF\tama.12_CBF.jpg,D:\Desktop\Stage1Codex\experiments\myedge168_compare9_rerun_20260527\outputs_normalized\CBF\tama.12.jpg,68ab20af1396b8db15fb45d0265b3215f7707b6c940463965746871955f24aa0
CBF,tama.13,tama.13.jpg,0cc28a70bba25d01f0abc65c249649ead72a05e5f4f985e71760b3bd132964fc,D:\Desktop\Stage1Codex\experiments\myedge168_compare9_rerun_20260527\outputs_raw\CBF\tama.13_CBF.jpg,D:\Desktop\Stage1Codex\experiments\myedge168_compare9_rerun_20260527\outputs_normalized\CBF\tama.13.jpg,edf1c9612d03439bdd02a74e7c1ce62a7eda9a0d94058607abf3483a48fa2462
CBF,tama.14,tama.14.jpg,62ddde593e13ec81a784e308ef4976812392b5f4e8b2b1ebefe855bb7473c2d3,D:\Desktop\Stage1Codex\experiments\myedge168_compare9_rerun_20260527\outputs_raw\CBF\tama.14_CBF.jpg,D:\Desktop\Stage1Codex\experiments\myedge168_compare9_rerun_20260527\outputs_normalized\CBF\tama.14.jpg,e0513d4fa033f04dbe5750111ccb5a5623ec229e2e7d0b33c5f1fc2371738ec8
CBF,tama.16,tama.16.jpg,37076bb5de3c8a3bd7de3cedad63b50b12f570a82f731b2fb3dab3d3772e3385,D:\Desktop\Stage1Codex\experiments\myedge168_compare9_rerun_20260527\outputs_raw\CBF\tama.16_CBF.jpg,D:\Desktop\Stage1Codex\experiments\myedge168_compare9_rerun_20260527\outputs_normalized\CBF\tama.16.jpg,bc8a39abecf618d3b53ee98270276786a70790a6a13824fec2fa3d6eb3bfd3c7
CBF,tama.8,tama.8.jpg,effaa0eae1ae9f6e9ddf5295f9e16fe17e7abc6189066b18f920feacaf08d5a8,D:\Desktop\Stage1Codex\experiments\myedge168_compare9_rerun_20260527\outputs_raw\CBF\tama.8_CBF.jpg,D:\Desktop\Stage1Codex\experiments\myedge168_compare9_rerun_20260527\outputs_normalized\CBF\tama.8.jpg,d08275a4d476c6668a0fefcce644c3caf3be7d11c8f6b739e9f96e8baa1c1420
CBF,tama.9,tama.9.jpg,3560df1d42b204ebe604ed9d26c42ade3f17d12287a56054fe8850e5136d6cc3,D:\Desktop\Stage1Codex\experiments\myedge168_compare9_rerun_20260527\outputs_raw\CBF\tama.9_CBF.jpg,D:\Desktop\Stage1Codex\experiments\myedge168_compare9_rerun_20260527\outputs_normalized\CBF\tama.9.jpg,125c4098720126880cbd3857df1347313ac40ad7a3f2937933f6e68b847923d5
CBF,tiaowenhuangou.4,tiaowenhuangou.4.jpg,e0db4dda2c073ef9dabdfc97c892431fd3b7a89f23437a20c17254da469e53a3,D:\Desktop\Stage1Codex\experiments\myedge168_compare9_rerun_20260527\outputs_raw\CBF\tiaowenhuangou.4_CBF.jpg,D:\Desktop\Stage1Codex\experiments\myedge168_compare9_rerun_20260527\outputs_normalized\CBF\tiaowenhuangou.4.jpg,408c6133705fb6875e87791a53529d85e4c64a74f5e63611e857a80e297a29a8
CBF,tiaowenhuangou.5,tiaowenhuangou.5.jpg,73ac70b7d37c2ad7633bbf40bea49d641d00389b438cc0c08478c49f71ba0d7e,D:\Desktop\Stage1Codex\experiments\myedge168_compare9_rerun_20260527\outputs_raw\CBF\tiaowenhuangou.5_CBF.jpg,D:\Desktop\Stage1Codex\experiments\myedge168_compare9_rerun_20260527\outputs_normalized\CBF\tiaowenhuangou.5.jpg,258e61f9079a52c0a30b652dc9e2b7530e48980867b8709afdab00d1325f403e
CBF,tiaowenhuangou.6,tiaowenhuangou.6.jpg,fdc533f88ca6899c719464127e18d7663cdf0839c05408af2c2d65a0260d4cb3,D:\Desktop\Stage1Codex\experiments\myedge168_compare9_rerun_20260527\outputs_raw\CBF\tiaowenhuangou.6_CBF.jpg,D:\Desktop\Stage1Codex\experiments\myedge168_compare9_rerun_20260527\outputs_normalized\CBF\tiaowenhuangou.6.jpg,67fa9a58663866a0fb5ff9d3afb15af34eeca7eb18c71cff6a3b0ef3b3c5be3f
CBF,weiruan.7,weiruan.7.jpg,451a9a602213f57765b6825a2849c505d8edb9c22114a5a5674be56411f220be,D:\Desktop\Stage1Codex\experiments\myedge168_compare9_rerun_20260527\outputs_raw\CBF\weiruan.7_CBF.jpg,D:\Desktop\Stage1Codex\experiments\myedge168_compare9_rerun_20260527\outputs_normalized\CBF\weiruan.7.jpg,20d3a189094292d15fc129898886d63d302f5fbfd9c7cde07aee5f98bd493414
CBF,weiruan.8,weiruan.8.jpg,599423c9ca848eeaa80147fb0ca2d049a5ea8182a39b8d647316140cba012241,D:\Desktop\Stage1Codex\experiments\myedge168_compare9_rerun_20260527\outputs_raw\CBF\weiruan.8_CBF.jpg,D:\Desktop\Stage1Codex\experiments\myedge168_compare9_rerun_20260527\outputs_normalized\CBF\weiruan.8.jpg,7aecd5afa075770d1e8d0c87932ede7ddf1c0c7acf0ba3a996b477f24b1e82c9
CBF,weixiaoyuanjia.13,weixiaoyuanjia.13.jpg,b6dea5b7e8b05b9b5d644781a702402cf48f63d4ee9ac9a61d046e78ee304387,D:\Desktop\Stage1Codex\experiments\myedge168_compare9_rerun_20260527\outputs_raw\CBF\weixiaoyuanjia.13_CBF.jpg,D:\Desktop\Stage1Codex\experiments\myedge168_compare9_rerun_20260527\outputs_normalized\CBF\weixiaoyuanjia.13.jpg,2676e61453c23d0e727003163bc584dba3ee176282826dce09042e52ceae79df
CBF,weixiaoyuanjia.14,weixiaoyuanjia.14.jpg,7ea198dbf7ee91881c51bcaa728daa1b5da472c2e2cd422e1f4225381558f12a,D:\Desktop\Stage1Codex\experiments\myedge168_compare9_rerun_20260527\outputs_raw\CBF\weixiaoyuanjia.14_CBF.jpg,D:\Desktop\Stage1Codex\experiments\myedge168_compare9_rerun_20260527\outputs_normalized\CBF\weixiaoyuanjia.14.jpg,dde040d0f3308a915b5f52ecac3dc87167ef281ba77bc369bf3090fec6046edc
CBF,weixiaoyuanjia.15,weixiaoyuanjia.15.jpg,97fdc732908d138243b0769708cf0fa0e7adffd07ec233b14ce410805ae6c639,D:\Desktop\Stage1Codex\experiments\myedge168_compare9_rerun_20260527\outputs_raw\CBF\weixiaoyuanjia.15_CBF.jpg,D:\Desktop\Stage1Codex\experiments\myedge168_compare9_rerun_20260527\outputs_normalized\CBF\weixiaoyuanjia.15.jpg,9cec63ca36c196c37ba3c18e4310e5f2f4115c009c1f0f8aa67f577d02358f2e
CBF,weixiaoyuanjia.16,weixiaoyuanjia.16.jpg,905fbe6f92c36e3bbefd730558bed7b8d03614e1b57209675aee2f70a98e1173,D:\Desktop\Stage1Codex\experiments\myedge168_compare9_rerun_20260527\outputs_raw\CBF\weixiaoyuanjia.16_CBF.jpg,D:\Desktop\Stage1Codex\experiments\myedge168_compare9_rerun_20260527\outputs_normalized\CBF\weixiaoyuanjia.16.jpg,8df738b2a4bf0ab9966a6b721dc1ce0a8653a14927e0414b2a73ac0e27b8b7fa
CBF,weixiaoyuanjia.17,weixiaoyuanjia.17.jpg,75e58084db7a1a3821f258a8850eb0a1e86c3934613986da44320914ec13d42a,D:\Desktop\Stage1Codex\experiments\myedge168_compare9_rerun_20260527\outputs_raw\CBF\weixiaoyuanjia.17_CBF.jpg,D:\Desktop\Stage1Codex\experiments\myedge168_compare9_rerun_20260527\outputs_normalized\CBF\weixiaoyuanjia.17.jpg,930aa5f66a73e1840674f3c6115eb7cd4fec11ade8910a8375b840c19bc7b9d5
CBF,weixiaoyuanjia.18,weixiaoyuanjia.18.jpg,9682fc892d4d2ef41ce4ec8c3f98f2586d538baa758bad5400982a7b2e92da4f,D:\Desktop\Stage1Codex\experiments\myedge168_compare9_rerun_20260527\outputs_raw\CBF\weixiaoyuanjia.18_CBF.jpg,D:\Desktop\Stage1Codex\experiments\myedge168_compare9_rerun_20260527\outputs_normalized\CBF\weixiaoyuanjia.18.jpg,221b3f7a6c1b1910cb0c618ec2c5dc216b63aa77aaa6ffca2c24934e6916ee61
CBF,weixiaoyuanjia.19,weixiaoyuanjia.19.jpg,f29b5b4966b6391c0052d0e53ff7c96c140d71f6d29f4bbf5efd21d6582c1395,D:\Desktop\Stage1Codex\experiments\myedge168_compare9_rerun_20260527\outputs_raw\CBF\weixiaoyuanjia.19_CBF.jpg,D:\Desktop\Stage1Codex\experiments\myedge168_compare9_rerun_20260527\outputs_normalized\CBF\weixiaoyuanjia.19.jpg,54b0287adfbacfbd2e024716fb2bb29746d8b7674acce8082b81a9c5ec0e3cbe
CBF,weixiaoyuanjia.20,weixiaoyuanjia.20.jpg,5a20edf020e3d62d593eb11f8333afee4836f3f5af51463a9e369d972a3448b4,D:\Desktop\Stage1Codex\experiments\myedge168_compare9_rerun_20260527\outputs_raw\CBF\weixiaoyuanjia.20_CBF.jpg,D:\Desktop\Stage1Codex\experiments\myedge168_compare9_rerun_20260527\outputs_normalized\CBF\weixiaoyuanjia.20.jpg,7c071bec83e912b9e3cdba93019e07d1ca53a36b19cdacb33936b7550e63b960
CBF,weixiaoyuanjia.21,weixiaoyuanjia.21.jpg,9beb90dab1242c62cb983db8aa21abddbbd91687ae9cb311749df047928911fd,D:\Desktop\Stage1Codex\experiments\myedge168_compare9_rerun_20260527\outputs_raw\CBF\weixiaoyuanjia.21_CBF.jpg,D:\Desktop\Stage1Codex\experiments\myedge168_compare9_rerun_20260527\outputs_normalized\CBF\weixiaoyuanjia.21.jpg,801891a61cd4b73f19624ca26603d8f0642e46a1369c579eb10da43fb08ef15c
CBF,weixiaoyuanjia.22,weixiaoyuanjia.22.jpg,8db39e0e54a9267e847a6511e245afffceeba2f804467a04f594b17e6a1f04da,D:\Desktop\Stage1Codex\experiments\myedge168_compare9_rerun_20260527\outputs_raw\CBF\weixiaoyuanjia.22_CBF.jpg,D:\Desktop\Stage1Codex\experiments\myedge168_compare9_rerun_20260527\outputs_normalized\CBF\weixiaoyuanjia.22.jpg,e9b1d7b7ff3990afcb66631c3aab9c54215bb3934119eaa8e9f5af991568d602
CBF,weixiaoyuanjia.23,weixiaoyuanjia.23.jpg,7f11574dad989bd5d89bd2c91c44c3559360964d8905b44f1b70cc4377c4f921,D:\Desktop\Stage1Codex\experiments\myedge168_compare9_rerun_20260527\outputs_raw\CBF\weixiaoyuanjia.23_CBF.jpg,D:\Desktop\Stage1Codex\experiments\myedge168_compare9_rerun_20260527\outputs_normalized\CBF\weixiaoyuanjia.23.jpg,d0d10438fa117b743da9da08c999d2a8d2d5104e38b9d0c104844d39f01f2413
CBF,weixiaoyuanjia.24,weixiaoyuanjia.24.jpg,c6021ec6a079213054f5d591806d575ab221401f86e388fb5fb789e0018d6dd7,D:\Desktop\Stage1Codex\experiments\myedge168_compare9_rerun_20260527\outputs_raw\CBF\weixiaoyuanjia.24_CBF.jpg,D:\Desktop\Stage1Codex\experiments\myedge168_compare9_rerun_20260527\outputs_normalized\CBF\weixiaoyuanjia.24.jpg,2eef43267af24ec0aed1a6836d72da702c2dbf1b3fb2ee7d30d02064d84914ac
CBF,weixiaoyuanjia.26,weixiaoyuanjia.26.jpg,837b638ce299dbc4146e811f4571a5f14e3441e99db09381ab7da9bb377bf624,D:\Desktop\Stage1Codex\experiments\myedge168_compare9_rerun_20260527\outputs_raw\CBF\weixiaoyuanjia.26_CBF.jpg,D:\Desktop\Stage1Codex\experiments\myedge168_compare9_rerun_20260527\outputs_normalized\CBF\weixiaoyuanjia.26.jpg,094392fa58ad5496c59f1b39e267da0c422b9ef25bc213e9c3e4544626527a89
CBF,weixiaoyuanjia.28,weixiaoyuanjia.28.jpg,0d8de990746f80e8de81140537653ad3904db627799d761886f0fb48fc100e65,D:\Desktop\Stage1Codex\experiments\myedge168_compare9_rerun_20260527\outputs_raw\CBF\weixiaoyuanjia.28_CBF.jpg,D:\Desktop\Stage1Codex\experiments\myedge168_compare9_rerun_20260527\outputs_normalized\CBF\weixiaoyuanjia.28.jpg,d82c11e133fb6649a58c6df549b40fb13a8634e496ecc50319a553c143b44a73
CBF,xinyue.4,xinyue.4.jpg,45a506c5f7333bde0652f8080e6a9b02fcfa09185c7826be68ea1dd8df78b20a,D:\Desktop\Stage1Codex\experiments\myedge168_compare9_rerun_20260527\outputs_raw\CBF\xinyue.4_CBF.jpg,D:\Desktop\Stage1Codex\experiments\myedge168_compare9_rerun_20260527\outputs_normalized\CBF\xinyue.4.jpg,300559e9c8eb66b6891156cfa5d820f0769b2e11acfc6425774687cf697a08e6
CBF,xinyue.5,xinyue.5.jpg,cdd781289ec741f850f17e1463f7ec9d1e80d1790192c321d82f32b8ab82311b,D:\Desktop\Stage1Codex\experiments\myedge168_compare9_rerun_20260527\outputs_raw\CBF\xinyue.5_CBF.jpg,D:\Desktop\Stage1Codex\experiments\myedge168_compare9_rerun_20260527\outputs_normalized\CBF\xinyue.5.jpg,e97d34550f88d41e0b82e91f6312cf688bb88cbaa43780881e797ffa78037280
CBF,xinyue.6,xinyue.6.jpg,408ac52ec551e5f8da18827b1f0296a7acadd6d16ed350a156effc8bde329598,D:\Desktop\Stage1Codex\experiments\myedge168_compare9_rerun_20260527\outputs_raw\CBF\xinyue.6_CBF.jpg,D:\Desktop\Stage1Codex\experiments\myedge168_compare9_rerun_20260527\outputs_normalized\CBF\xinyue.6.jpg,f9c6fff37c8a32b6d062090c2d3ed0e2b22e5f01a764c95ea261c9c790bf04be
CBF,xuanlianjiaomao.3,xuanlianjiaomao.3.jpg,bebf7355f55f899be4222aab511766d3e98b2aa7e03bbac58971b99c6b951cb9,D:\Desktop\Stage1Codex\experiments\myedge168_compare9_rerun_20260527\outputs_raw\CBF\xuanlianjiaomao.3_CBF.jpg,D:\Desktop\Stage1Codex\experiments\myedge168_compare9_rerun_20260527\outputs_normalized\CBF\xuanlianjiaomao.3.jpg,00b0f926d34e39f1e2d5755fd0a59410a2201ed30d026a991da9a1b75c5c4fb7
CBF,xuanlianjiaomao.4,xuanlianjiaomao.4.jpg,0b8a5605a428dc81c253ee31b3e7848f772a3c1854bf48d193058d29a12d3deb,D:\Desktop\Stage1Codex\experiments\myedge168_compare9_rerun_20260527\outputs_raw\CBF\xuanlianjiaomao.4_CBF.jpg,D:\Desktop\Stage1Codex\experiments\myedge168_compare9_rerun_20260527\outputs_normalized\CBF\xuanlianjiaomao.4.jpg,c66d304a09a97af30f7f3d5e9217c50503320659b355862683f5a095879b1bf7
CBF,xuehong.10,xuehong.10.jpg,cf87bb121fffa40bd37fa67c25b817ce609592447c0f3dcf5e4265ae4b9d3afb,D:\Desktop\Stage1Codex\experiments\myedge168_compare9_rerun_20260527\outputs_raw\CBF\xuehong.10_CBF.jpg,D:\Desktop\Stage1Codex\experiments\myedge168_compare9_rerun_20260527\outputs_normalized\CBF\xuehong.10.jpg,556b9d62e60a8df59d7fb9da2ab463cf9af969170adf08ff007715ec01f3d09d
CBF,xuehong.11,xuehong.11.jpg,e5d9b6777803f9338629e6e4dfd6c02d9afcaa2d85a3c28e9687e4d739015348,D:\Desktop\Stage1Codex\experiments\myedge168_compare9_rerun_20260527\outputs_raw\CBF\xuehong.11_CBF.jpg,D:\Desktop\Stage1Codex\experiments\myedge168_compare9_rerun_20260527\outputs_normalized\CBF\xuehong.11.jpg,3ae0c93cbf4dbb1e4d695e502aafb0a6bd4f44416e7cff8cc49aeac251cc92a1
CBF,xuehong.12,xuehong.12.jpg,49b5dac134d4312363262d43ff469ef909192bd0f94c613ea9d7399e1499d688,D:\Desktop\Stage1Codex\experiments\myedge168_compare9_rerun_20260527\outputs_raw\CBF\xuehong.12_CBF.jpg,D:\Desktop\Stage1Codex\experiments\myedge168_compare9_rerun_20260527\outputs_normalized\CBF\xuehong.12.jpg,aa794e0f5870c7f68693c4952ee75db8e805b98442bb286cdedf33a13240e532
CBF,xuehong.13,xuehong.13.jpg,02c1b6e50cc23ea58bbd722de58f2a08a4ad27441c2eab4f9e39a5c3b742b971,D:\Desktop\Stage1Codex\experiments\myedge168_compare9_rerun_20260527\outputs_raw\CBF\xuehong.13_CBF.jpg,D:\Desktop\Stage1Codex\experiments\myedge168_compare9_rerun_20260527\outputs_normalized\CBF\xuehong.13.jpg,b1d2a9d01406a33dcacdaa4a57f2a20387dad9c877851ecef152eb0b30ad004b
CBF,xuehong.14,xuehong.14.jpg,c20bb7456e7a3e4b811293924cc0ee3e762573f6425df235e41f164cce6e4526,D:\Desktop\Stage1Codex\experiments\myedge168_compare9_rerun_20260527\outputs_raw\CBF\xuehong.14_CBF.jpg,D:\Desktop\Stage1Codex\experiments\myedge168_compare9_rerun_20260527\outputs_normalized\CBF\xuehong.14.jpg,6b362abb97efbfd20b64de6b03f647d83e023f1f2e0e9884bb492335f0591b39
CBF,xuehong.16,xuehong.16.jpg,457d0a7ca285c0611f8b198dc22e8ea270fac3cf3ee54383b2d8d9ea387daeb6,D:\Desktop\Stage1Codex\experiments\myedge168_compare9_rerun_20260527\outputs_raw\CBF\xuehong.16_CBF.jpg,D:\Desktop\Stage1Codex\experiments\myedge168_compare9_rerun_20260527\outputs_normalized\CBF\xuehong.16.jpg,a3cf31f1b55fd89b54d8562aefdcc2514b188ce9744bd8bf89d3eb1af9febd59
CBF,xuehong.8,xuehong.8.jpg,99bdaa5c0ea016bcae89008954f22c14b671754d9ad0a909c28d952e464e7489,D:\Desktop\Stage1Codex\experiments\myedge168_compare9_rerun_20260527\outputs_raw\CBF\xuehong.8_CBF.jpg,D:\Desktop\Stage1Codex\experiments\myedge168_compare9_rerun_20260527\outputs_normalized\CBF\xuehong.8.jpg,80dac9cde50d17f400da1d7f442d6803c2ca8fd76275b2f4aaeef5b17e2eb4c0
CBF,xuehong.9,xuehong.9.jpg,269c66fadb692cbcf1fb762ae0bdc62aa792ba3644f2d660f5cbfba8aa90d6f2,D:\Desktop\Stage1Codex\experiments\myedge168_compare9_rerun_20260527\outputs_raw\CBF\xuehong.9_CBF.jpg,D:\Desktop\Stage1Codex\experiments\myedge168_compare9_rerun_20260527\outputs_normalized\CBF\xuehong.9.jpg,fa751d46cbc2fe506fc8a5f1cc41d72d7f26398ce1c6056fc9ba5e7eafcb8104
CBF,yuanhai.6,yuanhai.6.jpg,8f84dcd68147b416bb31b1238b0e0d4a2b2a6661596656be4e412378d69090a2,D:\Desktop\Stage1Codex\experiments\myedge168_compare9_rerun_20260527\outputs_raw\CBF\yuanhai.6_CBF.jpg,D:\Desktop\Stage1Codex\experiments\myedge168_compare9_rerun_20260527\outputs_normalized\CBF\yuanhai.6.jpg,9149fa97f09ced32379de9e5804aa54473c2ab701fd79b1612854f7d20e2417b
CBF,yuanhai.7,yuanhai.7.jpg,c403a30a959b73cec321e35963a2c6427ea0f812f871f49f55b0ba79137ce81f,D:\Desktop\Stage1Codex\experiments\myedge168_compare9_rerun_20260527\outputs_raw\CBF\yuanhai.7_CBF.jpg,D:\Desktop\Stage1Codex\experiments\myedge168_compare9_rerun_20260527\outputs_normalized\CBF\yuanhai.7.jpg,80e16facdab600e3474685cf1e196f0f81cda994741775d49a9ec28ddb2677f1
CBF,yuanhai.8,yuanhai.8.jpg,76c2766fcca621514ccdf1cd50542a8784a7729b57a23d17ea085084d2420bec,D:\Desktop\Stage1Codex\experiments\myedge168_compare9_rerun_20260527\outputs_raw\CBF\yuanhai.8_CBF.jpg,D:\Desktop\Stage1Codex\experiments\myedge168_compare9_rerun_20260527\outputs_normalized\CBF\yuanhai.8.jpg,63c7d89b2a087ab1b03b42367e589398eb4b13daf74518d86d33b04d3acaf22e
CBF,yuanjiazao.6,yuanjiazao.6.jpg,20174d86fe3c7103ffa156662803a4e5f38ca998449f08cdafe8fd81e97f91ff,D:\Desktop\Stage1Codex\experiments\myedge168_compare9_rerun_20260527\outputs_raw\CBF\yuanjiazao.6_CBF.jpg,D:\Desktop\Stage1Codex\experiments\myedge168_compare9_rerun_20260527\outputs_normalized\CBF\yuanjiazao.6.jpg,58bbd5d2e34099900ca06f54aa37062eab8b43a211cc731aaaed60ff69b71305
CBF,yuanjiazao.8,yuanjiazao.8.jpg,740316d6a2229d2b8e4295af522334278673f4d1c9be093eaf3f625e2eaf4532,D:\Desktop\Stage1Codex\experiments\myedge168_compare9_rerun_20260527\outputs_raw\CBF\yuanjiazao.8_CBF.jpg,D:\Desktop\Stage1Codex\experiments\myedge168_compare9_rerun_20260527\outputs_normalized\CBF\yuanjiazao.8.jpg,7f55678f544443eb657bf6bbca2085f73103ca12e7d80741de6ae3fcdab2de97
