index,filename,stem,suffix,size_bytes,width,height,channels,sha256,source_path
1,chazhuang.3.jpg,chazhuang.3,.jpg,14529,320,320,3,25f7c3c7d3d9b04526ab3f43245ea8833c5b782cc06c888aa1c64664e0b83579,D:\Desktop\MyEdgeCodex\input_test\algae\chazhuang.3.jpg
2,chazhuang.4.jpg,chazhuang.4,.jpg,15754,320,320,3,4769d4aaecf78760113c912b19fe251a5557b808020c3f7acaa06f96906ca989,D:\Desktop\MyEdgeCodex\input_test\algae\chazhuang.4.jpg
3,chazhuang.6.jpg,chazhuang.6,.jpg,19619,320,320,3,b8c75c108601b62134ca4ddfd7b17042bfc04dbd2cfaf18144733b874d062e35,D:\Desktop\MyEdgeCodex\input_test\algae\chazhuang.6.jpg
4,chichaoyiwan.1.jpg,chichaoyiwan.1,.jpg,13740,320,320,3,19e6c90b860f5d1422c9fd3916d80902d9c1f4fceb6c1371c332d37ab6592359,D:\Desktop\MyEdgeCodex\input_test\algae\chichaoyiwan.1.jpg
5,chichaoyiwan.16.jpg,chichaoyiwan.16,.jpg,15281,320,320,3,1ec852406e00d3dfe745c2fa9f7c188455d40639b2349cc227356e05ca5887f5,D:\Desktop\MyEdgeCodex\input_test\algae\chichaoyiwan.16.jpg
6,chichaoyiwan.2.jpg,chichaoyiwan.2,.jpg,30958,320,320,3,b30556475f8446b7ec8f005f8f28a7374b4116fa7f5d530bfaef9fbe95eebbf7,D:\Desktop\MyEdgeCodex\input_test\algae\chichaoyiwan.2.jpg
7,chichaoyiwan.3.jpg,chichaoyiwan.3,.jpg,13803,320,320,3,7306a2e4ff3c0dea20d1c2ec05ea189a3b94d15727f83c30ca9b5a025be02013,D:\Desktop\MyEdgeCodex\input_test\algae\chichaoyiwan.3.jpg
8,chichaoyiwan.4.jpg,chichaoyiwan.4,.jpg,13484,320,320,3,39cfae17f3ad5f5333e6f6e1a1b26d63e8c2f699a3a38336eba3c1ca8b039a3d,D:\Desktop\MyEdgeCodex\input_test\algae\chichaoyiwan.4.jpg
9,chichaoyiwan.5.jpg,chichaoyiwan.5,.jpg,13953,320,320,3,3b0f59885b0ab22cd5288b310ca5a2737ac14459e768dfc391ddd1daca0e538f,D:\Desktop\MyEdgeCodex\input_test\algae\chichaoyiwan.5.jpg
10,chichaoyiwan.6.jpg,chichaoyiwan.6,.jpg,12847,320,320,3,a5d166cf2e2981a42568c8b397d41953cc28dfd8c3cc2e2f533a17213ea0aeae,D:\Desktop\MyEdgeCodex\input_test\algae\chichaoyiwan.6.jpg
11,chichaoyiwan.7.jpg,chichaoyiwan.7,.jpg,12473,320,320,3,a46ea2bfac3bc03726d232333da768956558342d85e47490b0c7336878f6c051,D:\Desktop\MyEdgeCodex\input_test\algae\chichaoyiwan.7.jpg
12,donghaiyuanjia.12.jpg,donghaiyuanjia.12,.jpg,14841,320,320,3,539d3ebcd7b2e0af57f5ed7b8c9ff182851c31da0b353c11569dd1da921166a3,D:\Desktop\MyEdgeCodex\input_test\algae\donghaiyuanjia.12.jpg
13,donghaiyuanjia.13.jpg,donghaiyuanjia.13,.jpg,14563,320,320,3,b68a544255e3e0dda8a985533de8ca443faad8deec5e64bb9d27866132b32f2f,D:\Desktop\MyEdgeCodex\input_test\algae\donghaiyuanjia.13.jpg
14,donghaiyuanjia.14.jpg,donghaiyuanjia.14,.jpg,15088,320,320,3,de1920371a5fba41333a174995da9f54d4313ec712d1c80439e15051287c0a4f,D:\Desktop\MyEdgeCodex\input_test\algae\donghaiyuanjia.14.jpg
15,donghaiyuanjia.15.jpg,donghaiyuanjia.15,.jpg,15205,320,320,3,aca3548e76fa103ae5436ce4ae9697d27d35980b39881be658236e9afa7b5aac,D:\Desktop\MyEdgeCodex\input_test\algae\donghaiyuanjia.15.jpg
16,donghaiyuanjia.16.jpg,donghaiyuanjia.16,.jpg,14023,320,320,3,38a1e375a92beadfed08df57f77b8e9ae3e87c3f9223746de0c98d742a92a542,D:\Desktop\MyEdgeCodex\input_test\algae\donghaiyuanjia.16.jpg
17,donghaiyuanjia.17.jpg,donghaiyuanjia.17,.jpg,16860,320,320,3,a2fb94b7a769e8f4442e0f7c08f1f06e03840e847ed6d92be9e42c34507fcb6d,D:\Desktop\MyEdgeCodex\input_test\algae\donghaiyuanjia.17.jpg
18,donghaiyuanjia.18.jpg,donghaiyuanjia.18,.jpg,14358,320,320,3,96f34e5a10779dc8d274558ad9f35c08d22eb0705d21c203cd4e522b18252e70,D:\Desktop\MyEdgeCodex\input_test\algae\donghaiyuanjia.18.jpg
19,donghaiyuanjia.19.jpg,donghaiyuanjia.19,.jpg,16827,320,320,3,b2f28583cfd87445b56a951d75a5616053bf0930ca5cf97f80a2e8ae038aff0c,D:\Desktop\MyEdgeCodex\input_test\algae\donghaiyuanjia.19.jpg
20,donghaiyuanjia.20.jpg,donghaiyuanjia.20,.jpg,14846,320,320,3,45eecc27e7559e71654e9a20d4fc959a6116ff668ba28df2c91ac94d9f253fde,D:\Desktop\MyEdgeCodex\input_test\algae\donghaiyuanjia.20.jpg
21,donghaiyuanjia.21.jpg,donghaiyuanjia.21,.jpg,14764,320,320,3,88ce690efd69f9bc1bc967030b0b26bb161ffa57b4536a7e48f5b52b05830b4a,D:\Desktop\MyEdgeCodex\input_test\algae\donghaiyuanjia.21.jpg
22,donghaiyuanjia.22.jpg,donghaiyuanjia.22,.jpg,15395,320,320,3,67f8499126e0e8939e24f51f946cc92bc5946729382617d353fdf3974fb9de96,D:\Desktop\MyEdgeCodex\input_test\algae\donghaiyuanjia.22.jpg
23,donghaiyuanjia.24.jpg,donghaiyuanjia.24,.jpg,14820,320,320,3,43b638ab4f49243bf8b2486e22fb42fe7324fa6660efd807a9679820384b54fe,D:\Desktop\MyEdgeCodex\input_test\algae\donghaiyuanjia.24.jpg
24,donghaiyuanjia.26.jpg,donghaiyuanjia.26,.jpg,17019,320,320,3,8ec2b6abcc311fd827e8955fe0b44f2181318c70a8f80123573c39b5f833f103,D:\Desktop\MyEdgeCodex\input_test\algae\donghaiyuanjia.26.jpg
25,duolie.5.jpg,duolie.5,.jpg,29462,320,320,3,191d830c6f47a925d0f7187a86c6d879efa940994a44872b28686a25307a0524,D:\Desktop\MyEdgeCodex\input_test\algae\duolie.5.jpg
26,duolie.6.jpg,duolie.6,.jpg,29692,320,320,3,4737b9b09f13a1a0c2da352a09c17bb584c979e156f6acd4cc5dc6558715cc1b,D:\Desktop\MyEdgeCodex\input_test\algae\duolie.6.jpg
27,duolie.7.jpg,duolie.7,.jpg,31318,320,320,3,ac620f3360b9a6f6ae28636775160302d15964ec745dc8e6142801a147ecbb00,D:\Desktop\MyEdgeCodex\input_test\algae\duolie.7.jpg
28,duolie.8.jpg,duolie.8,.jpg,30780,320,320,3,07486782c127a94416667ad75aaee885f9f8a0ac1b2c3152d34fd2fb1549a6e6,D:\Desktop\MyEdgeCodex\input_test\algae\duolie.8.jpg
29,duowenqigou.3.jpg,duowenqigou.3,.jpg,40926,320,320,3,a907f1a0f25e197b87f901bcc75e28b9124bafc562e3a69163e92ecb79e3696f,D:\Desktop\MyEdgeCodex\input_test\algae\duowenqigou.3.jpg
30,duowenqigou.4.jpg,duowenqigou.4,.jpg,43669,320,320,3,e12dbb24dfe337a48b154dab49dff784806175abe42379cca6957d716416f7c4,D:\Desktop\MyEdgeCodex\input_test\algae\duowenqigou.4.jpg
31,fanquyuanjia.3.jpg,fanquyuanjia.3,.jpg,36474,320,320,3,b76a83e79c13f9fa878d667767189ff7b0cc1043bfa913a3f4697ba945495163,D:\Desktop\MyEdgeCodex\input_test\algae\fanquyuanjia.3.jpg
32,fanquyuanjia.4.jpg,fanquyuanjia.4,.jpg,29457,320,320,3,6ced5edb819a26dd964bd37172b8f472fb9464f0b89a2ca95daa205eb8eed2f4,D:\Desktop\MyEdgeCodex\input_test\algae\fanquyuanjia.4.jpg
33,gutiao.2.jpg,gutiao.2,.jpg,21337,320,320,3,00b37e6990c290a0bedc2c804e8db836c994feab4ac7b09dbf35bab22c17b7c7,D:\Desktop\MyEdgeCodex\input_test\algae\gutiao.2.jpg
34,hailianzao.10.jpg,hailianzao.10,.jpg,32431,320,320,3,34418d6e5821f0d6c0218d9d5eadb61cb37e985ccab575e7d8de1452ac756df1,D:\Desktop\MyEdgeCodex\input_test\algae\hailianzao.10.jpg
35,hailianzao.6.jpg,hailianzao.6,.jpg,31341,320,320,3,e0a777274b2d475888fa29fd2f9e40ae069517df9824bd6da7a4382e7150879c,D:\Desktop\MyEdgeCodex\input_test\algae\hailianzao.6.jpg
36,hailianzao.7.jpg,hailianzao.7,.jpg,26586,320,320,3,9471f2c443ca8b93e84634ba6ea2c67060e55f118ec97717a91178b505d0c9ac,D:\Desktop\MyEdgeCodex\input_test\algae\hailianzao.7.jpg
37,hailianzao.8.jpg,hailianzao.8,.jpg,27696,320,320,3,55e2122e6e81259f8a7c1c458553d28cc226f1225b456c30d3cd7ed1f74b9829,D:\Desktop\MyEdgeCodex\input_test\algae\hailianzao.8.jpg
38,haiyangkadun.10.jpg,haiyangkadun.10,.jpg,17599,320,320,3,1a9bdf1c342ba5d7429439d7e273041d017163b4bce7991d3166bf986594918a,D:\Desktop\MyEdgeCodex\input_test\algae\haiyangkadun.10.jpg
39,haiyangkadun.11.jpg,haiyangkadun.11,.jpg,17629,320,320,3,763582f386dcc9172d496c5f388403c685772f6b56e592f0403a3b27a05552cd,D:\Desktop\MyEdgeCodex\input_test\algae\haiyangkadun.11.jpg
40,haiyangkadun.12.jpg,haiyangkadun.12,.jpg,16715,320,320,3,d0fd3751daef57aa8c8cd94628903fc2a299e476f5d810d38127a1316f7de7ac,D:\Desktop\MyEdgeCodex\input_test\algae\haiyangkadun.12.jpg
41,haiyangkadun.13.jpg,haiyangkadun.13,.jpg,11544,320,320,3,9973c40ce71650c392629665acd1e6cb2844f73cd39a7e669d9f61def5c99e15,D:\Desktop\MyEdgeCodex\input_test\algae\haiyangkadun.13.jpg
42,haiyangkadun.14.jpg,haiyangkadun.14,.jpg,10528,320,320,3,0a2466c7273388d7f923ba30db725407e6bd34c2be7213081b45c144a00c84ce,D:\Desktop\MyEdgeCodex\input_test\algae\haiyangkadun.14.jpg
43,haiyangkadun.15.jpg,haiyangkadun.15,.jpg,13019,320,320,3,579332f86cd56f0e2a2bb5a80e80a3d6bc07b80569dd1a4f67d29f853a6b5d42,D:\Desktop\MyEdgeCodex\input_test\algae\haiyangkadun.15.jpg
44,haiyangkadun.16.jpg,haiyangkadun.16,.jpg,12176,320,320,3,ecccb0cc60d04d4b2a36619d60cbc6d5c3094675abb2a7f158e84e10a36caed4,D:\Desktop\MyEdgeCodex\input_test\algae\haiyangkadun.16.jpg
45,haiyangkadun.19.jpg,haiyangkadun.19,.jpg,18938,320,320,3,b139641dea08297ae2ac0abb57a8dcba27560bb047748941eaf829a4428d7690,D:\Desktop\MyEdgeCodex\input_test\algae\haiyangkadun.19.jpg
46,haiyangkadun.20.jpg,haiyangkadun.20,.jpg,26877,320,320,3,0c209238e5352f4d43b7a3984652f2669e47621e17ad4f3929fbb6a7e9b6e605,D:\Desktop\MyEdgeCodex\input_test\algae\haiyangkadun.20.jpg
47,haiyangkadun.9.jpg,haiyangkadun.9,.jpg,17872,320,320,3,4c9ee7788bf0c9be2e5aabe3e4fca21b434576861581dadbc0279b4727b1aa79,D:\Desktop\MyEdgeCodex\input_test\algae\haiyangkadun.9.jpg
48,haiyangyuanjia.6.jpg,haiyangyuanjia.6,.jpg,17656,320,320,3,4478b9132a321e40ff8c0a2b2d07edbea83ddc2fe58a67c2403d50b0ef1337b8,D:\Desktop\MyEdgeCodex\input_test\algae\haiyangyuanjia.6.jpg
49,haiyangyuanjia.7.jpg,haiyangyuanjia.7,.jpg,18869,320,320,3,419f6cef1f72436607cd59ba107ae91f9cda73995ebc3fa8a5c399032e5096d5,D:\Desktop\MyEdgeCodex\input_test\algae\haiyangyuanjia.7.jpg
50,haiyangyuanjia.8.jpg,haiyangyuanjia.8,.jpg,22661,320,320,3,d8d84050eedb2caa243f86a6e2570f3810416490e3fe3c50940fdd50d4e2131c,D:\Desktop\MyEdgeCodex\input_test\algae\haiyangyuanjia.8.jpg
51,jianci.4.jpg,jianci.4,.jpg,13098,320,320,3,35a28f1cef54067e8b7d2de716f7d36460186a951594aa01043fcd19604d2497,D:\Desktop\MyEdgeCodex\input_test\algae\jianci.4.jpg
52,jianci.5.jpg,jianci.5,.jpg,15398,320,320,3,ed1f6938ed3f5db7c3cfd00c9835d05d6df5f70d576a84ff3d6d031e7dac970e,D:\Desktop\MyEdgeCodex\input_test\algae\jianci.5.jpg
53,jianci.6.jpg,jianci.6,.jpg,24733,320,320,3,3a8c046059b6f1e049a8bc5da0ee9d9f1e56b7e08542a34915307fd3da6d59be,D:\Desktop\MyEdgeCodex\input_test\algae\jianci.6.jpg
54,jiaomaozao.13.jpg,jiaomaozao.13,.jpg,32812,320,320,3,947446d72725d71b342185e36f33c24c0a227b25b90b17f210d4f09d36514ead,D:\Desktop\MyEdgeCodex\input_test\algae\jiaomaozao.13.jpg
55,jiaomaozao.14.jpg,jiaomaozao.14,.jpg,38358,320,320,3,a4961d2c7b6f0da037a38ed8be0fe685a3040c4e1142e250617b2839510cfd0d,D:\Desktop\MyEdgeCodex\input_test\algae\jiaomaozao.14.jpg
56,jiaomaozao.17.jpg,jiaomaozao.17,.jpg,25685,320,320,3,4ade7988966a2d4c0a1f25bde7568bdd2c4781160c9bc7aaeb8683283b359bc4,D:\Desktop\MyEdgeCodex\input_test\algae\jiaomaozao.17.jpg
57,jiaomaozao.18.jpg,jiaomaozao.18,.jpg,30203,320,320,3,29025e321a53a91a65f0e3f84037b4aee45e4de9f74520738a779359bfc505fd,D:\Desktop\MyEdgeCodex\input_test\algae\jiaomaozao.18.jpg
58,jiaomaozao.19.jpg,jiaomaozao.19,.jpg,40189,320,320,3,b702eca164ac251ce12d99ce8721a676d0a046a4b3be8a0736a1af1f7f86d3f5,D:\Desktop\MyEdgeCodex\input_test\algae\jiaomaozao.19.jpg
59,jiaomaozao.26.jpg,jiaomaozao.26,.jpg,37746,320,320,3,9c1b2198be4e78c5107c0b1000ba55813d69237db7954d48f488d5ddf875f037,D:\Desktop\MyEdgeCodex\input_test\algae\jiaomaozao.26.jpg
60,jiaomaozao.27.jpg,jiaomaozao.27,.jpg,26237,320,320,3,7094c60f01b05feab4362e56bcbbbca331903ef0f92bafe084ac4a07ebbf32c2,D:\Desktop\MyEdgeCodex\input_test\algae\jiaomaozao.27.jpg
61,jiaomaozao.28.jpg,jiaomaozao.28,.jpg,33265,320,320,3,31ff3fd7b61d229d109bc9b3f756d8ac10d58261c909b82328bed627bd453d5a,D:\Desktop\MyEdgeCodex\input_test\algae\jiaomaozao.28.jpg
62,jiaomaozao.29.jpg,jiaomaozao.29,.jpg,24197,320,320,3,f66a6b9cdfd3d9894e57fdd735aff4dd3140879bb183612b100a0f6f595991da,D:\Desktop\MyEdgeCodex\input_test\algae\jiaomaozao.29.jpg
63,juciqigou.3.jpg,juciqigou.3,.jpg,34811,320,320,3,a611af505f433809c5f905ab8798e8837ac9d3bfb2d314bfaee66a2eff45a7d1,D:\Desktop\MyEdgeCodex\input_test\algae\juciqigou.3.jpg
64,kailun.2.jpg,kailun.2,.jpg,33228,320,320,3,5e39dd6e9ae0ed1a927d44c9f74e039427f9d7debbe1b6930e49f3f1f024952d,D:\Desktop\MyEdgeCodex\input_test\algae\kailun.2.jpg
65,lianzhuang.4.jpg,lianzhuang.4,.jpg,22834,320,320,3,b9eb1910b1fb070149c18b74d1926c8be94e5dd9f33971ee157bf5e580deff87,D:\Desktop\MyEdgeCodex\input_test\algae\lianzhuang.4.jpg
66,lianzhuang.5.jpg,lianzhuang.5,.jpg,24856,320,320,3,0db217aa8e30004ce1ca648a375ff2a26079c554f123542df84e9557f91d81e4,D:\Desktop\MyEdgeCodex\input_test\algae\lianzhuang.5.jpg
67,lianzhuang.6.jpg,lianzhuang.6,.jpg,24999,320,320,3,fb3d756bf52a06173d7cb19af7b448aa52442fad86d9e0d8f4bdeea2b96e830e,D:\Desktop\MyEdgeCodex\input_test\algae\lianzhuang.6.jpg
68,lianzhuangluojia.10.jpg,lianzhuangluojia.10,.jpg,10591,320,320,3,378994bf9c852b09406e496f4c87ed604e97e9e51646890b29a33eeeac3e0962,D:\Desktop\MyEdgeCodex\input_test\algae\lianzhuangluojia.10.jpg
69,lianzhuangluojia.11.jpg,lianzhuangluojia.11,.jpg,13426,320,320,3,d91764d77e338ad81f0a3c9e415e120735d1ab00416d33c5c44858b01bfae4dd,D:\Desktop\MyEdgeCodex\input_test\algae\lianzhuangluojia.11.jpg
70,lianzhuangluojia.12.jpg,lianzhuangluojia.12,.jpg,22331,320,320,3,a352d8805d7fd22f437fa23c28a151602112b02130aee56c1b0e5a8084f138a1,D:\Desktop\MyEdgeCodex\input_test\algae\lianzhuangluojia.12.jpg
71,lianzhuangluojia.13.jpg,lianzhuangluojia.13,.jpg,28807,320,320,3,5c901301cb2de87917ce097674637579428facfe1432a31f21039e69b9a75fe8,D:\Desktop\MyEdgeCodex\input_test\algae\lianzhuangluojia.13.jpg
72,lianzhuangluojia.14.jpg,lianzhuangluojia.14,.jpg,28494,320,320,3,9d86b558a5127c2f33abb675b1f0bf792d9bf56de3ced6bd96f86be4417bc23a,D:\Desktop\MyEdgeCodex\input_test\algae\lianzhuangluojia.14.jpg
73,lianzhuangluojia.8.jpg,lianzhuangluojia.8,.jpg,16636,320,320,3,cf94de6c24b5942823e9928d166a20813076eca322b1924670eaf117c5681110,D:\Desktop\MyEdgeCodex\input_test\algae\lianzhuangluojia.8.jpg
74,lianzhuangluojia.9.jpg,lianzhuangluojia.9,.jpg,12870,320,320,3,b5d2a3b436b586a576781ba0cfedef02fe9239f7cc9df2cc493fe33c1e6c30b9,D:\Desktop\MyEdgeCodex\input_test\algae\lianzhuangluojia.9.jpg
75,limayuanjia.10.jpg,limayuanjia.10,.jpg,22442,320,320,3,cb5dbcc5071ccab0f8a661a9a8247b1b43da674deaaed84daf8095f2aea6887c,D:\Desktop\MyEdgeCodex\input_test\algae\limayuanjia.10.jpg
76,limayuanjia.11.jpg,limayuanjia.11,.jpg,20781,320,320,3,d30fe6aa10368452c7ccf710e2d9da0350ebdecc6d56480d5c0702c0f6cb2e9f,D:\Desktop\MyEdgeCodex\input_test\algae\limayuanjia.11.jpg
77,limayuanjia.12.jpg,limayuanjia.12,.jpg,22925,320,320,3,0b929dc386dd8feefa29fdb6cf5f51be7505f895533ca8dd6f0397d25886cb0a,D:\Desktop\MyEdgeCodex\input_test\algae\limayuanjia.12.jpg
78,limayuanjia.13.jpg,limayuanjia.13,.jpg,22305,320,320,3,321ac335c1519ce50a8df1bbb568c7daf9b6bfaf9d271ca20c9e4fb6ff3165ad,D:\Desktop\MyEdgeCodex\input_test\algae\limayuanjia.13.jpg
79,limayuanjia.14.jpg,limayuanjia.14,.jpg,16562,320,320,3,b0903851e72d0fbb99355bc1a52ccee8968e1d9848b2c21b632ec6641cd7802b,D:\Desktop\MyEdgeCodex\input_test\algae\limayuanjia.14.jpg
80,limayuanjia.15.jpg,limayuanjia.15,.jpg,16597,320,320,3,bb5ec08f857016bbc8ce43a2781576e9bd37e4ba7602521fdf57fff94611a7a0,D:\Desktop\MyEdgeCodex\input_test\algae\limayuanjia.15.jpg
81,limayuanjia.16.jpg,limayuanjia.16,.jpg,20356,320,320,3,e4598873f352f933c07d6296a92f05712001180cd8831c2daff4b99332c3d845,D:\Desktop\MyEdgeCodex\input_test\algae\limayuanjia.16.jpg
82,limayuanjia.18.jpg,limayuanjia.18,.jpg,22780,320,320,3,0b51e2df86091a6672af6eceb70e933830120f7c2e8b8ea29abf25bb19075127,D:\Desktop\MyEdgeCodex\input_test\algae\limayuanjia.18.jpg
83,limayuanjia.9.jpg,limayuanjia.9,.jpg,21376,320,320,3,318a8fb979eb7663bdd5348692744d2bf56ecbf9666c5157d4888d2ed0339cc7,D:\Desktop\MyEdgeCodex\input_test\algae\limayuanjia.9.jpg
84,lingxinghaixian.5.jpg,lingxinghaixian.5,.jpg,15254,320,320,3,051267ff8a4ed998eed01b24132d07baa54c4f0c6019b2e6feb18ffe043839d4,D:\Desktop\MyEdgeCodex\input_test\algae\lingxinghaixian.5.jpg
85,lingxinghaixian.6.jpg,lingxinghaixian.6,.jpg,18315,320,320,3,1abfb789670e554892bacb89d1d46ea1f32d3e9c47ffb4d8921536f73674ebb7,D:\Desktop\MyEdgeCodex\input_test\algae\lingxinghaixian.6.jpg
86,luojiazao.4.jpg,luojiazao.4,.jpg,20809,320,320,3,8623b3a223c795bdf2c36d917f7b40766ae28a57b5ea7421c5300ba05d7431e8,D:\Desktop\MyEdgeCodex\input_test\algae\luojiazao.4.jpg
87,luojiazao.5.jpg,luojiazao.5,.jpg,21781,320,320,3,642b0590af07028249bdf2ca28909a91b034749ceec1768dbac45a9ebe10d34a,D:\Desktop\MyEdgeCodex\input_test\algae\luojiazao.5.jpg
88,luojiazao.6.jpg,luojiazao.6,.jpg,27250,320,320,3,440e0a2bd96807c5f095d50e4ff9ddb1bbfc5a144edbdf8dcda78cf7ccc7be70,D:\Desktop\MyEdgeCodex\input_test\algae\luojiazao.6.jpg
89,luoshijiaomao.3.jpg,luoshijiaomao.3,.jpg,19058,320,320,3,0fbfefc3976a5c4eff1bf0fb5dd5175f55f0b906cbae3d9ad7432db2f16d638b,D:\Desktop\MyEdgeCodex\input_test\algae\luoshijiaomao.3.jpg
90,luoshijiaomao.4.jpg,luoshijiaomao.4,.jpg,18359,320,320,3,acbe33718cc5d1846e5f8412040e0b2f6e5aa9aa46e1192f1fc307bc811d4c3e,D:\Desktop\MyEdgeCodex\input_test\algae\luoshijiaomao.4.jpg
91,mashi.2.jpg,mashi.2,.jpg,30373,320,320,3,e23921da5df461e71cd2ca96de2d8a52589b007051c3b0db48c03934626e76f9,D:\Desktop\MyEdgeCodex\input_test\algae\mashi.2.jpg
92,mishikailun.8.jpg,mishikailun.8,.jpg,26190,320,320,3,410219ee7b3bd8d39a7b724b5cbed1a88a2f5c39aa1d939bd3ebb10185aa38a5,D:\Desktop\MyEdgeCodex\input_test\algae\mishikailun.8.jpg
93,nilingxing.3.jpg,nilingxing.3,.jpg,20159,320,320,3,40a38ef366a220d99ddebd4a5141d0fc8d38efabf585c7bb14514ecd41d7ba21,D:\Desktop\MyEdgeCodex\input_test\algae\nilingxing.3.jpg
94,nilingxing.4.jpg,nilingxing.4,.jpg,19620,320,320,3,0dd814b1c3e165f545888716e8915c2c5b7504a6e2da9ee882bb6788ce737bbe,D:\Desktop\MyEdgeCodex\input_test\algae\nilingxing.4.jpg
95,paige.4.jpg,paige.4,.jpg,21181,320,320,3,3f8e3a80b707fda808921b5289f048a18794b4635218eac0c2ab3b7fd16bd81f,D:\Desktop\MyEdgeCodex\input_test\algae\paige.4.jpg
96,paige.5.jpg,paige.5,.jpg,14952,320,320,3,d221389e114349768734a07af85daa3778b0c1b5664c5dd0b872fefc3ee4c8ec,D:\Desktop\MyEdgeCodex\input_test\algae\paige.5.jpg
97,qiangzhuang.12.jpg,qiangzhuang.12,.jpg,16153,320,320,3,b1bd9dfdd81e37fa634a07c24712bee830dbe774179814a72eefe5055f283817,D:\Desktop\MyEdgeCodex\input_test\algae\qiangzhuang.12.jpg
98,qiangzhuang.13.jpg,qiangzhuang.13,.jpg,16146,320,320,3,bc5a1c867bfa21cdec9b994e6e46605ad7d873a3f9b7239ccb7df62c65ba44df,D:\Desktop\MyEdgeCodex\input_test\algae\qiangzhuang.13.jpg
99,qiangzhuang.14.jpg,qiangzhuang.14,.jpg,15549,320,320,3,a234958918ef5421224ea285d1a33b60c528f55c377d956021e5d8cf587358f9,D:\Desktop\MyEdgeCodex\input_test\algae\qiangzhuang.14.jpg
100,qiangzhuang.15.jpg,qiangzhuang.15,.jpg,16338,320,320,3,fbd2aba8ee7218086be6c6d26080a69ef718f185b20670de94f8525c93361896,D:\Desktop\MyEdgeCodex\input_test\algae\qiangzhuang.15.jpg
101,qiangzhuang.16.jpg,qiangzhuang.16,.jpg,16493,320,320,3,d122ebff56f6484a9cc3a5932b8ebc060f82c612f5a6fabf38e8cfe24ce4ba8c,D:\Desktop\MyEdgeCodex\input_test\algae\qiangzhuang.16.jpg
102,qiangzhuang.17.jpg,qiangzhuang.17,.jpg,14103,320,320,3,b4843dbe422e4894b53171bb103fc458b2d6533d2874543b1dce3b18f637a6cd,D:\Desktop\MyEdgeCodex\input_test\algae\qiangzhuang.17.jpg
103,qiangzhuang.18.jpg,qiangzhuang.18,.jpg,14583,320,320,3,07912314c617d8faea022ecfa1a1b8cd0630a705a3395d727163fd0f4e61d0df,D:\Desktop\MyEdgeCodex\input_test\algae\qiangzhuang.18.jpg
104,qiangzhuang.19.jpg,qiangzhuang.19,.jpg,14632,320,320,3,8861fd09b475b0ae4cc7aa0aa5cda125d7825a5cc61625612e0757082e9be98b,D:\Desktop\MyEdgeCodex\input_test\algae\qiangzhuang.19.jpg
105,qiangzhuang.20.jpg,qiangzhuang.20,.jpg,15012,320,320,3,ec05362429ee110c52546c3714b4dce230394a52e87735c3e194a4038dca003c,D:\Desktop\MyEdgeCodex\input_test\algae\qiangzhuang.20.jpg
106,qiangzhuang.21.jpg,qiangzhuang.21,.jpg,15160,320,320,3,b867b5ef54205224c8c4e23e55f228799325b4c323d4c562ff81c68156cf575b,D:\Desktop\MyEdgeCodex\input_test\algae\qiangzhuang.21.jpg
107,qiangzhuang.22.jpg,qiangzhuang.22,.jpg,15093,320,320,3,d5c6e4ec0019b765ec91ad406a60c071703b5a5c71963d170baae70a2a9a82a2,D:\Desktop\MyEdgeCodex\input_test\algae\qiangzhuang.22.jpg
108,qiangzhuang.25.jpg,qiangzhuang.25,.jpg,16783,320,320,3,862393109774402c9146147cc5e4341fbe9c20e744815ad9bc3d1638a6977d54,D:\Desktop\MyEdgeCodex\input_test\algae\qiangzhuang.25.jpg
109,qiangzhuang.26.jpg,qiangzhuang.26,.jpg,15721,320,320,3,d2f5c619a92c7ee10c0a931b6e4eb2d49645877b726556fc248419436ea9cda8,D:\Desktop\MyEdgeCodex\input_test\algae\qiangzhuang.26.jpg
110,qiangzhuang.28.jpg,qiangzhuang.28,.jpg,14895,320,320,3,588ad3073af0074baa9c0829f4bd60cd2d57eef98771e002e95a0c1e4de17613,D:\Desktop\MyEdgeCodex\input_test\algae\qiangzhuang.28.jpg
111,qiuxing.3.jpg,qiuxing.3,.jpg,17302,320,320,3,ecedad4276fdc700cac0fd8b3451bef8cddfb572e5a0a905bed41b9e88ddd5a9,D:\Desktop\MyEdgeCodex\input_test\algae\qiuxing.3.jpg
112,qiuxing.4.jpg,qiuxing.4,.jpg,19565,320,320,3,5221abd9954ebd6eb8245a30c891c69590cb061537a5f623e4c25acf299f39da,D:\Desktop\MyEdgeCodex\input_test\algae\qiuxing.4.jpg
113,redai.3.jpg,redai.3,.jpg,32335,320,320,3,5c37d27290f0a878027114d1101ee49083774ac8473221c5f5bf9709a68d9546,D:\Desktop\MyEdgeCodex\input_test\algae\redai.3.jpg
114,redai.4.jpg,redai.4,.jpg,22808,320,320,3,f44c6ff6f319e643301518e5df8cecf95c09235c2525474fc444400343d7d46e,D:\Desktop\MyEdgeCodex\input_test\algae\redai.4.jpg
115,ribenxing.3.jpg,ribenxing.3,.jpg,19185,320,320,3,f64cd4728935909116d0ecbccedc55c3df845ddb6e39b3ca658934a0abdfdfc1,D:\Desktop\MyEdgeCodex\input_test\algae\ribenxing.3.jpg
116,ribenxing.4.jpg,ribenxing.4,.jpg,13082,320,320,3,783f759fb19d4cf057d6101a8afa497fb893cf1d78f8e03cbaa39ae476e7e49f,D:\Desktop\MyEdgeCodex\input_test\algae\ribenxing.4.jpg
117,rouruo.3.jpg,rouruo.3,.jpg,17782,320,320,3,d5957de2e8bb0a62c4088d16ddcede7b3935ed2306f82b2ec9dadb1e1608ad19,D:\Desktop\MyEdgeCodex\input_test\algae\rouruo.3.jpg
118,rouruo.4.jpg,rouruo.4,.jpg,15360,320,320,3,39251b7994b20e4c08ba596b655fac66665d3225b5e5dc0e18c9abb1ff8453da,D:\Desktop\MyEdgeCodex\input_test\algae\rouruo.4.jpg
119,sanjiaoji.10.jpg,sanjiaoji.10,.jpg,33086,320,320,3,9a27d35e791e6a12ffe5d1c0a6eeee8ef62b03a40dba6e0aceed76c3091cce7f,D:\Desktop\MyEdgeCodex\input_test\algae\sanjiaoji.10.jpg
120,sanjiaoji.9.jpg,sanjiaoji.9,.jpg,32999,320,320,3,9b597a75bf0a7f66dadc26c4b5c70a11fd3695c494b3faa8b0ac38d07ef6227d,D:\Desktop\MyEdgeCodex\input_test\algae\sanjiaoji.9.jpg
121,shikelipu.4.jpg,shikelipu.4,.jpg,20568,320,320,3,61339c44e2928f18cdbcc987828f8cb5242a56533e3206308654e01d9cc5b66a,D:\Desktop\MyEdgeCodex\input_test\algae\shikelipu.4.jpg
122,shikelipu.5.jpg,shikelipu.5,.jpg,23687,320,320,3,57dbd9d94f00cbc011bb1772ce3e136be137f5f66a2efa5a986d726400d5333f,D:\Desktop\MyEdgeCodex\input_test\algae\shikelipu.5.jpg
123,suojiao.6.jpg,suojiao.6,.jpg,16054,320,320,3,9e056a60338271a460b78e993ad1ca5b85ba2140030047cb33c04c35bca3a6d2,D:\Desktop\MyEdgeCodex\input_test\algae\suojiao.6.jpg
124,tama.10.jpg,tama.10,.jpg,14667,320,320,3,9ffecf67cc8832dacb83235179523ddd58d4756c482cf70ee1edef15f94439a2,D:\Desktop\MyEdgeCodex\input_test\algae\tama.10.jpg
125,tama.11.jpg,tama.11,.jpg,11302,320,320,3,1ec06351b468612da1a0e21d6cc350e0d622c17b0fbaf2d2aa8ef3f37f4d119e,D:\Desktop\MyEdgeCodex\input_test\algae\tama.11.jpg
126,tama.12.jpg,tama.12,.jpg,14684,320,320,3,7fa6f9a4eb82d336a5f79a8d0957d17df0a807560457dc3dea662aa0b439baea,D:\Desktop\MyEdgeCodex\input_test\algae\tama.12.jpg
127,tama.13.jpg,tama.13,.jpg,11434,320,320,3,0cc28a70bba25d01f0abc65c249649ead72a05e5f4f985e71760b3bd132964fc,D:\Desktop\MyEdgeCodex\input_test\algae\tama.13.jpg
128,tama.14.jpg,tama.14,.jpg,11306,320,320,3,62ddde593e13ec81a784e308ef4976812392b5f4e8b2b1ebefe855bb7473c2d3,D:\Desktop\MyEdgeCodex\input_test\algae\tama.14.jpg
129,tama.16.jpg,tama.16,.jpg,18002,320,320,3,37076bb5de3c8a3bd7de3cedad63b50b12f570a82f731b2fb3dab3d3772e3385,D:\Desktop\MyEdgeCodex\input_test\algae\tama.16.jpg
130,tama.8.jpg,tama.8,.jpg,14541,320,320,3,effaa0eae1ae9f6e9ddf5295f9e16fe17e7abc6189066b18f920feacaf08d5a8,D:\Desktop\MyEdgeCodex\input_test\algae\tama.8.jpg
131,tama.9.jpg,tama.9,.jpg,11346,320,320,3,3560df1d42b204ebe604ed9d26c42ade3f17d12287a56054fe8850e5136d6cc3,D:\Desktop\MyEdgeCodex\input_test\algae\tama.9.jpg
132,tiaowenhuangou.4.jpg,tiaowenhuangou.4,.jpg,37327,320,320,3,e0db4dda2c073ef9dabdfc97c892431fd3b7a89f23437a20c17254da469e53a3,D:\Desktop\MyEdgeCodex\input_test\algae\tiaowenhuangou.4.jpg
133,tiaowenhuangou.5.jpg,tiaowenhuangou.5,.jpg,37511,320,320,3,73ac70b7d37c2ad7633bbf40bea49d641d00389b438cc0c08478c49f71ba0d7e,D:\Desktop\MyEdgeCodex\input_test\algae\tiaowenhuangou.5.jpg
134,tiaowenhuangou.6.jpg,tiaowenhuangou.6,.jpg,22727,320,320,3,fdc533f88ca6899c719464127e18d7663cdf0839c05408af2c2d65a0260d4cb3,D:\Desktop\MyEdgeCodex\input_test\algae\tiaowenhuangou.6.jpg
135,weiruan.7.jpg,weiruan.7,.jpg,30094,320,320,3,451a9a602213f57765b6825a2849c505d8edb9c22114a5a5674be56411f220be,D:\Desktop\MyEdgeCodex\input_test\algae\weiruan.7.jpg
136,weiruan.8.jpg,weiruan.8,.jpg,29274,320,320,3,599423c9ca848eeaa80147fb0ca2d049a5ea8182a39b8d647316140cba012241,D:\Desktop\MyEdgeCodex\input_test\algae\weiruan.8.jpg
137,weixiaoyuanjia.13.jpg,weixiaoyuanjia.13,.jpg,15736,320,320,3,b6dea5b7e8b05b9b5d644781a702402cf48f63d4ee9ac9a61d046e78ee304387,D:\Desktop\MyEdgeCodex\input_test\algae\weixiaoyuanjia.13.jpg
138,weixiaoyuanjia.14.jpg,weixiaoyuanjia.14,.jpg,15522,320,320,3,7ea198dbf7ee91881c51bcaa728daa1b5da472c2e2cd422e1f4225381558f12a,D:\Desktop\MyEdgeCodex\input_test\algae\weixiaoyuanjia.14.jpg
139,weixiaoyuanjia.15.jpg,weixiaoyuanjia.15,.jpg,15439,320,320,3,97fdc732908d138243b0769708cf0fa0e7adffd07ec233b14ce410805ae6c639,D:\Desktop\MyEdgeCodex\input_test\algae\weixiaoyuanjia.15.jpg
140,weixiaoyuanjia.16.jpg,weixiaoyuanjia.16,.jpg,15273,320,320,3,905fbe6f92c36e3bbefd730558bed7b8d03614e1b57209675aee2f70a98e1173,D:\Desktop\MyEdgeCodex\input_test\algae\weixiaoyuanjia.16.jpg
141,weixiaoyuanjia.17.jpg,weixiaoyuanjia.17,.jpg,17272,320,320,3,75e58084db7a1a3821f258a8850eb0a1e86c3934613986da44320914ec13d42a,D:\Desktop\MyEdgeCodex\input_test\algae\weixiaoyuanjia.17.jpg
142,weixiaoyuanjia.18.jpg,weixiaoyuanjia.18,.jpg,16165,320,320,3,9682fc892d4d2ef41ce4ec8c3f98f2586d538baa758bad5400982a7b2e92da4f,D:\Desktop\MyEdgeCodex\input_test\algae\weixiaoyuanjia.18.jpg
143,weixiaoyuanjia.19.jpg,weixiaoyuanjia.19,.jpg,15706,320,320,3,f29b5b4966b6391c0052d0e53ff7c96c140d71f6d29f4bbf5efd21d6582c1395,D:\Desktop\MyEdgeCodex\input_test\algae\weixiaoyuanjia.19.jpg
144,weixiaoyuanjia.20.jpg,weixiaoyuanjia.20,.jpg,17579,320,320,3,5a20edf020e3d62d593eb11f8333afee4836f3f5af51463a9e369d972a3448b4,D:\Desktop\MyEdgeCodex\input_test\algae\weixiaoyuanjia.20.jpg
145,weixiaoyuanjia.21.jpg,weixiaoyuanjia.21,.jpg,14465,320,320,3,9beb90dab1242c62cb983db8aa21abddbbd91687ae9cb311749df047928911fd,D:\Desktop\MyEdgeCodex\input_test\algae\weixiaoyuanjia.21.jpg
146,weixiaoyuanjia.22.jpg,weixiaoyuanjia.22,.jpg,11407,320,320,3,8db39e0e54a9267e847a6511e245afffceeba2f804467a04f594b17e6a1f04da,D:\Desktop\MyEdgeCodex\input_test\algae\weixiaoyuanjia.22.jpg
147,weixiaoyuanjia.23.jpg,weixiaoyuanjia.23,.jpg,14496,320,320,3,7f11574dad989bd5d89bd2c91c44c3559360964d8905b44f1b70cc4377c4f921,D:\Desktop\MyEdgeCodex\input_test\algae\weixiaoyuanjia.23.jpg
148,weixiaoyuanjia.24.jpg,weixiaoyuanjia.24,.jpg,14594,320,320,3,c6021ec6a079213054f5d591806d575ab221401f86e388fb5fb789e0018d6dd7,D:\Desktop\MyEdgeCodex\input_test\algae\weixiaoyuanjia.24.jpg
149,weixiaoyuanjia.26.jpg,weixiaoyuanjia.26,.jpg,14507,320,320,3,837b638ce299dbc4146e811f4571a5f14e3441e99db09381ab7da9bb377bf624,D:\Desktop\MyEdgeCodex\input_test\algae\weixiaoyuanjia.26.jpg
150,weixiaoyuanjia.28.jpg,weixiaoyuanjia.28,.jpg,15438,320,320,3,0d8de990746f80e8de81140537653ad3904db627799d761886f0fb48fc100e65,D:\Desktop\MyEdgeCodex\input_test\algae\weixiaoyuanjia.28.jpg
151,xinyue.4.jpg,xinyue.4,.jpg,17002,320,320,3,45a506c5f7333bde0652f8080e6a9b02fcfa09185c7826be68ea1dd8df78b20a,D:\Desktop\MyEdgeCodex\input_test\algae\xinyue.4.jpg
152,xinyue.5.jpg,xinyue.5,.jpg,24802,320,320,3,cdd781289ec741f850f17e1463f7ec9d1e80d1790192c321d82f32b8ab82311b,D:\Desktop\MyEdgeCodex\input_test\algae\xinyue.5.jpg
153,xinyue.6.jpg,xinyue.6,.jpg,15879,320,320,3,408ac52ec551e5f8da18827b1f0296a7acadd6d16ed350a156effc8bde329598,D:\Desktop\MyEdgeCodex\input_test\algae\xinyue.6.jpg
154,xuanlianjiaomao.3.jpg,xuanlianjiaomao.3,.jpg,19452,320,320,3,bebf7355f55f899be4222aab511766d3e98b2aa7e03bbac58971b99c6b951cb9,D:\Desktop\MyEdgeCodex\input_test\algae\xuanlianjiaomao.3.jpg
155,xuanlianjiaomao.4.jpg,xuanlianjiaomao.4,.jpg,17001,320,320,3,0b8a5605a428dc81c253ee31b3e7848f772a3c1854bf48d193058d29a12d3deb,D:\Desktop\MyEdgeCodex\input_test\algae\xuanlianjiaomao.4.jpg
156,xuehong.10.jpg,xuehong.10,.jpg,22187,320,320,3,cf87bb121fffa40bd37fa67c25b817ce609592447c0f3dcf5e4265ae4b9d3afb,D:\Desktop\MyEdgeCodex\input_test\algae\xuehong.10.jpg
157,xuehong.11.jpg,xuehong.11,.jpg,21313,320,320,3,e5d9b6777803f9338629e6e4dfd6c02d9afcaa2d85a3c28e9687e4d739015348,D:\Desktop\MyEdgeCodex\input_test\algae\xuehong.11.jpg
158,xuehong.12.jpg,xuehong.12,.jpg,20831,320,320,3,49b5dac134d4312363262d43ff469ef909192bd0f94c613ea9d7399e1499d688,D:\Desktop\MyEdgeCodex\input_test\algae\xuehong.12.jpg
159,xuehong.13.jpg,xuehong.13,.jpg,21349,320,320,3,02c1b6e50cc23ea58bbd722de58f2a08a4ad27441c2eab4f9e39a5c3b742b971,D:\Desktop\MyEdgeCodex\input_test\algae\xuehong.13.jpg
160,xuehong.14.jpg,xuehong.14,.jpg,20868,320,320,3,c20bb7456e7a3e4b811293924cc0ee3e762573f6425df235e41f164cce6e4526,D:\Desktop\MyEdgeCodex\input_test\algae\xuehong.14.jpg
161,xuehong.16.jpg,xuehong.16,.jpg,26735,320,320,3,457d0a7ca285c0611f8b198dc22e8ea270fac3cf3ee54383b2d8d9ea387daeb6,D:\Desktop\MyEdgeCodex\input_test\algae\xuehong.16.jpg
162,xuehong.8.jpg,xuehong.8,.jpg,32394,320,320,3,99bdaa5c0ea016bcae89008954f22c14b671754d9ad0a909c28d952e464e7489,D:\Desktop\MyEdgeCodex\input_test\algae\xuehong.8.jpg
163,xuehong.9.jpg,xuehong.9,.jpg,21505,320,320,3,269c66fadb692cbcf1fb762ae0bdc62aa792ba3644f2d660f5cbfba8aa90d6f2,D:\Desktop\MyEdgeCodex\input_test\algae\xuehong.9.jpg
164,yuanhai.6.jpg,yuanhai.6,.jpg,13389,320,320,3,8f84dcd68147b416bb31b1238b0e0d4a2b2a6661596656be4e412378d69090a2,D:\Desktop\MyEdgeCodex\input_test\algae\yuanhai.6.jpg
165,yuanhai.7.jpg,yuanhai.7,.jpg,12609,320,320,3,c403a30a959b73cec321e35963a2c6427ea0f812f871f49f55b0ba79137ce81f,D:\Desktop\MyEdgeCodex\input_test\algae\yuanhai.7.jpg
166,yuanhai.8.jpg,yuanhai.8,.jpg,13898,320,320,3,76c2766fcca621514ccdf1cd50542a8784a7729b57a23d17ea085084d2420bec,D:\Desktop\MyEdgeCodex\input_test\algae\yuanhai.8.jpg
167,yuanjiazao.6.jpg,yuanjiazao.6,.jpg,19149,320,320,3,20174d86fe3c7103ffa156662803a4e5f38ca998449f08cdafe8fd81e97f91ff,D:\Desktop\MyEdgeCodex\input_test\algae\yuanjiazao.6.jpg
168,yuanjiazao.8.jpg,yuanjiazao.8,.jpg,27645,320,320,3,740316d6a2229d2b8e4295af522334278673f4d1c9be093eaf3f625e2eaf4532,D:\Desktop\MyEdgeCodex\input_test\algae\yuanjiazao.8.jpg
