method,stem,original_filename,result_filename,original_path,result_path,EME,EMEE,Entropy,Contrast,AvgGra,SIFT_KP,MS_SSIM,PSNR,UCIQE,UIQM
OursFinalPNG,donghaiyuanjia.10,donghaiyuanjia.10.jpg,donghaiyuanjia.10_Final.png,D:\Desktop\Stage1Codex\data\inputImg\Original\donghaiyuanjia.10.jpg,D:\Desktop\Stage1Codex\results\png\Final\donghaiyuanjia.10_Final.png,3.414973945,0.4937179639,3.376952298,257.2516017,5.330029324,797,0.9046059847,19.94769498,1.753869772,6.636426778
OursFinalPNG,donghaiyuanjia.11,donghaiyuanjia.11.jpg,donghaiyuanjia.11_Final.png,D:\Desktop\Stage1Codex\data\inputImg\Original\donghaiyuanjia.11.jpg,D:\Desktop\Stage1Codex\results\png\Final\donghaiyuanjia.11_Final.png,5.056864516,0.584915281,4.014059878,342.2168103,6.91833754,1218,0.9179888368,23.47725267,1.893066049,10.33978088
OursFinalPNG,donghaiyuanjia.12,donghaiyuanjia.12.jpg,donghaiyuanjia.12_Final.png,D:\Desktop\Stage1Codex\data\inputImg\Original\donghaiyuanjia.12.jpg,D:\Desktop\Stage1Codex\results\png\Final\donghaiyuanjia.12_Final.png,4.514181519,0.5554540638,3.684176991,371.9917712,7.051047135,1068,0.8510172963,23.17292923,1.355493546,8.382818963
OursFinalPNG,donghaiyuanjia.13,donghaiyuanjia.13.jpg,donghaiyuanjia.13_Final.png,D:\Desktop\Stage1Codex\data\inputImg\Original\donghaiyuanjia.13.jpg,D:\Desktop\Stage1Codex\results\png\Final\donghaiyuanjia.13_Final.png,5.125212021,0.5905803973,3.727868641,302.0784973,6.491841486,1219,0.8968029022,19.93989958,1.863817334,9.972492559
OursFinalPNG,donghaiyuanjia.14,donghaiyuanjia.14.jpg,donghaiyuanjia.14_Final.png,D:\Desktop\Stage1Codex\data\inputImg\Original\donghaiyuanjia.14.jpg,D:\Desktop\Stage1Codex\results\png\Final\donghaiyuanjia.14_Final.png,4.680879325,0.5654192567,3.905480352,351.336731,6.352148345,1079,0.907081902,23.57081239,1.474454284,8.969475754
OursFinalPNG,donghaiyuanjia.15,donghaiyuanjia.15.jpg,donghaiyuanjia.15_Final.png,D:\Desktop\Stage1Codex\data\inputImg\Original\donghaiyuanjia.15.jpg,D:\Desktop\Stage1Codex\results\png\Final\donghaiyuanjia.15_Final.png,4.580513725,0.5585481839,3.488753737,323.2570435,6.307199102,1163,0.929543674,22.07218491,1.04098475,8.88138515
OursFinalPNG,donghaiyuanjia.2,donghaiyuanjia.2.jpg,donghaiyuanjia.2_Final.png,D:\Desktop\Stage1Codex\data\inputImg\Original\donghaiyuanjia.2.jpg,D:\Desktop\Stage1Codex\results\png\Final\donghaiyuanjia.2_Final.png,4.07559788,0.5282797239,4.002349625,257.2894641,6.216886952,938,0.8456950188,17.90320062,1.327177286,7.753458917
OursFinalPNG,donghaiyuanjia.4,donghaiyuanjia.4.jpg,donghaiyuanjia.4_Final.png,D:\Desktop\Stage1Codex\data\inputImg\Original\donghaiyuanjia.4.jpg,D:\Desktop\Stage1Codex\results\png\Final\donghaiyuanjia.4_Final.png,4.209161665,0.5363485254,3.941039337,229.9242212,6.125683824,981,0.8715497851,18.70436643,1.768794656,8.137631184
OursFinalPNG,donghaiyuanjia.5,donghaiyuanjia.5.jpg,donghaiyuanjia.5_Final.png,D:\Desktop\Stage1Codex\data\inputImg\Original\donghaiyuanjia.5.jpg,D:\Desktop\Stage1Codex\results\png\Final\donghaiyuanjia.5_Final.png,4.284517552,0.5412365471,3.74615503,338.3217183,6.638012954,1244,0.8514282107,17.90197566,1.506705761,7.989170695
OursFinalPNG,donghaiyuanjia.7,donghaiyuanjia.7.jpg,donghaiyuanjia.7_Final.png,D:\Desktop\Stage1Codex\data\inputImg\Original\donghaiyuanjia.7.jpg,D:\Desktop\Stage1Codex\results\png\Final\donghaiyuanjia.7_Final.png,6.202074917,0.6526412171,4.507078489,415.3632053,8.14450149,1442,0.8474492431,19.92885241,1.429815292,11.91989276
OursFinalPNG,donghaiyuanjia.8,donghaiyuanjia.8.jpg,donghaiyuanjia.8_Final.png,D:\Desktop\Stage1Codex\data\inputImg\Original\donghaiyuanjia.8.jpg,D:\Desktop\Stage1Codex\results\png\Final\donghaiyuanjia.8_Final.png,4.892618064,0.5769024277,4.135509681,301.6148266,6.55941336,1240,0.9135119319,22.62023706,1.305975676,9.607477211
OursFinalPNG,donghaiyuanjia.9,donghaiyuanjia.9.jpg,donghaiyuanjia.9_Final.png,D:\Desktop\Stage1Codex\data\inputImg\Original\donghaiyuanjia.9.jpg,D:\Desktop\Stage1Codex\results\png\Final\donghaiyuanjia.9_Final.png,5.164642447,0.5920307803,3.801383928,288.8287618,6.501704414,1272,0.897949636,22.72767717,1.272886872,9.933955311
OursFinalPNG,duanjiao.10,duanjiao.10.jpg,duanjiao.10_Final.png,D:\Desktop\Stage1Codex\data\inputImg\Original\duanjiao.10.jpg,D:\Desktop\Stage1Codex\results\png\Final\duanjiao.10_Final.png,8.325974275,0.7665092897,5.294461592,519.9610306,11.98263252,2134,0.9310016036,23.91452321,4.437484741,19.94352671
OursFinalPNG,duowenqigou.1,duowenqigou.1.jpg,duowenqigou.1_Final.png,D:\Desktop\Stage1Codex\data\inputImg\Original\duowenqigou.1.jpg,D:\Desktop\Stage1Codex\results\png\Final\duowenqigou.1_Final.png,16.9455279,1.240023468,6.752154534,760.8591252,27.91362536,11861,0.827223599,21.61302377,6.56829834,37.5439047
OursFinalPNG,duowenqigou.2,duowenqigou.2.jpg,duowenqigou.2_Final.png,D:\Desktop\Stage1Codex\data\inputImg\Original\duowenqigou.2.jpg,D:\Desktop\Stage1Codex\results\png\Final\duowenqigou.2_Final.png,19.29724918,1.373040024,6.770842252,817.1019397,28.74330535,12200,0.8414863348,22.25090041,6.644471645,41.62119771
OursFinalPNG,duowenqigou.3,duowenqigou.3.jpg,duowenqigou.3_Final.png,D:\Desktop\Stage1Codex\data\inputImg\Original\duowenqigou.3.jpg,D:\Desktop\Stage1Codex\results\png\Final\duowenqigou.3_Final.png,15.93739782,1.184926384,6.616958429,733.929952,26.18890754,11243,0.8529801965,22.08958197,6.080615044,35.39622847
OursFinalPNG,fanquyuanjia.1,fanquyuanjia.1.jpg,fanquyuanjia.1_Final.png,D:\Desktop\Stage1Codex\data\inputImg\Original\fanquyuanjia.1.jpg,D:\Desktop\Stage1Codex\results\png\Final\fanquyuanjia.1_Final.png,7.095688321,0.6977914494,4.964216512,445.7879653,10.71951661,2137,0.9406242967,23.91045977,7.53496027,16.28414334
OursFinalPNG,fanquyuanjia.2,fanquyuanjia.2.jpg,fanquyuanjia.2_Final.png,D:\Desktop\Stage1Codex\data\inputImg\Original\fanquyuanjia.2.jpg,D:\Desktop\Stage1Codex\results\png\Final\fanquyuanjia.2_Final.png,8.786185044,0.7921852262,5.731429031,516.9836746,13.10922771,2323,0.9351486564,20.39154665,5.734525204,22.39766356
OursFinalPNG,fanquyuanjia.3,fanquyuanjia.3.jpg,fanquyuanjia.3_Final.png,D:\Desktop\Stage1Codex\data\inputImg\Original\fanquyuanjia.3.jpg,D:\Desktop\Stage1Codex\results\png\Final\fanquyuanjia.3_Final.png,9.51178954,0.8321698337,5.732791029,612.1254506,14.77298174,3130,0.9262916446,19.44894175,5.692996979,23.08481028
OursFinalPNG,fanquyuanjia.4,fanquyuanjia.4.jpg,fanquyuanjia.4_Final.png,D:\Desktop\Stage1Codex\data\inputImg\Original\fanquyuanjia.4.jpg,D:\Desktop\Stage1Codex\results\png\Final\fanquyuanjia.4_Final.png,7.28905713,0.7096793272,4.929884649,462.9930251,10.73241781,2279,0.9467566609,23.37373897,6.957713127,17.88556113
OursFinalPNG,hailianzao.10,hailianzao.10.jpg,hailianzao.10_Final.png,D:\Desktop\Stage1Codex\data\inputImg\Original\hailianzao.10.jpg,D:\Desktop\Stage1Codex\results\png\Final\hailianzao.10_Final.png,12.40246539,0.99352384,5.989449014,458.5230457,14.58773273,5017,0.92445153,22.59765511,9.94694519,26.64585806
OursFinalPNG,hailianzao.3,hailianzao.3.jpg,hailianzao.3_Final.png,D:\Desktop\Stage1Codex\data\inputImg\Original\hailianzao.3.jpg,D:\Desktop\Stage1Codex\results\png\Final\hailianzao.3_Final.png,7.634225954,0.7253399198,6.712666898,229.1050157,8.548488369,1706,0.8415650129,18.45964032,3.917010307,17.08585908
OursFinalPNG,hailianzao.4,hailianzao.4.jpg,hailianzao.4_Final.png,D:\Desktop\Stage1Codex\data\inputImg\Original\hailianzao.4.jpg,D:\Desktop\Stage1Codex\results\png\Final\hailianzao.4_Final.png,9.304097087,0.8178108269,6.015061208,325.2722864,10.94310617,2665,0.7806107402,18.97472007,3.645708799,21.68103874
OursFinalPNG,hailianzao.7,hailianzao.7.jpg,hailianzao.7_Final.png,D:\Desktop\Stage1Codex\data\inputImg\Original\hailianzao.7.jpg,D:\Desktop\Stage1Codex\results\png\Final\hailianzao.7_Final.png,10.41871043,0.8860929932,5.735027669,698.8373384,14.55852434,3575,0.9256134033,15.38815526,5.750580311,21.03097199
OursFinalPNG,haiyangkadun.1,haiyangkadun.1.jpg,haiyangkadun.1_Final.png,D:\Desktop\Stage1Codex\data\inputImg\Original\haiyangkadun.1.jpg,D:\Desktop\Stage1Codex\results\png\Final\haiyangkadun.1_Final.png,6.402304113,0.6586101505,5.067646719,234.0092379,7.578385082,1200,0.8659101725,23.87086018,3.398896456,14.63763147
OursFinalPNG,haiyangkadun.10,haiyangkadun.10.jpg,haiyangkadun.10_Final.png,D:\Desktop\Stage1Codex\data\inputImg\Original\haiyangkadun.10.jpg,D:\Desktop\Stage1Codex\results\png\Final\haiyangkadun.10_Final.png,4.707202785,0.5652919748,4.381608114,272.3180398,7.34994543,1108,0.9207549095,17.25469992,3.880460978,10.00164642
OursFinalPNG,haiyangkadun.11,haiyangkadun.11.jpg,haiyangkadun.11_Final.png,D:\Desktop\Stage1Codex\data\inputImg\Original\haiyangkadun.11.jpg,D:\Desktop\Stage1Codex\results\png\Final\haiyangkadun.11_Final.png,4.961854982,0.5801273494,4.220324127,266.0304908,7.11537677,1065,0.9236138463,17.31174245,4.118793964,10.12772714
OursFinalPNG,haiyangkadun.12,haiyangkadun.12.jpg,haiyangkadun.12_Final.png,D:\Desktop\Stage1Codex\data\inputImg\Original\haiyangkadun.12.jpg,D:\Desktop\Stage1Codex\results\png\Final\haiyangkadun.12_Final.png,4.245348918,0.5373495279,4.53280022,246.3748188,7.086250774,980,0.8934698105,17.73898173,3.173781157,8.716880777
OursFinalPNG,haiyangkadun.18,haiyangkadun.18.jpg,haiyangkadun.18_Final.png,D:\Desktop\Stage1Codex\data\inputImg\Original\haiyangkadun.18.jpg,D:\Desktop\Stage1Codex\results\png\Final\haiyangkadun.18_Final.png,4.41553672,0.5446607693,5.232964901,221.1870249,7.727370827,1831,0.9163385034,25.70567831,3.997791767,10.10604372
OursFinalPNG,haiyangkadun.19,haiyangkadun.19.jpg,haiyangkadun.19_Final.png,D:\Desktop\Stage1Codex\data\inputImg\Original\haiyangkadun.19.jpg,D:\Desktop\Stage1Codex\results\png\Final\haiyangkadun.19_Final.png,5.090515679,0.5826647256,5.34584045,246.5178879,8.468901523,1990,0.8943080902,21.06229532,3.529220343,11.72705587
OursFinalPNG,haiyangkadun.20,haiyangkadun.20.jpg,haiyangkadun.20_Final.png,D:\Desktop\Stage1Codex\data\inputImg\Original\haiyangkadun.20.jpg,D:\Desktop\Stage1Codex\results\png\Final\haiyangkadun.20_Final.png,7.706968825,0.7274182681,5.903004122,196.5470709,9.026157287,2217,0.927082181,25.15947396,7.111459255,19.13626673
OursFinalPNG,haiyangkadun.21,haiyangkadun.21.jpg,haiyangkadun.21_Final.png,D:\Desktop\Stage1Codex\data\inputImg\Original\haiyangkadun.21.jpg,D:\Desktop\Stage1Codex\results\png\Final\haiyangkadun.21_Final.png,7.393461423,0.7142912101,6.641672714,367.1168201,9.843514655,2024,0.9018834233,22.00819433,3.784221411,15.46315109
OursFinalPNG,haiyangkadun.22,haiyangkadun.22.jpg,haiyangkadun.22_Final.png,D:\Desktop\Stage1Codex\data\inputImg\Original\haiyangkadun.22.jpg,D:\Desktop\Stage1Codex\results\png\Final\haiyangkadun.22_Final.png,4.296058024,0.5396637922,4.204339105,149.3473256,5.867488799,1089,0.9610040784,23.80856306,5.188798428,9.63633612
OursFinalPNG,haiyangkadun.23,haiyangkadun.23.jpg,haiyangkadun.23_Final.png,D:\Desktop\Stage1Codex\data\inputImg\Original\haiyangkadun.23.jpg,D:\Desktop\Stage1Codex\results\png\Final\haiyangkadun.23_Final.png,4.388138768,0.5456246846,4.06751943,242.5960815,6.71623299,1065,0.9245478511,17.06815039,3.75054121,9.575640741
OursFinalPNG,haiyangkadun.24,haiyangkadun.24.jpg,haiyangkadun.24_Final.png,D:\Desktop\Stage1Codex\data\inputImg\Original\haiyangkadun.24.jpg,D:\Desktop\Stage1Codex\results\png\Final\haiyangkadun.24_Final.png,6.275328314,0.6518949536,4.901515041,271.9698864,7.953877568,1207,0.8791428804,23.06346129,3.637063742,14.10704198
OursFinalPNG,haiyangkadun.3,haiyangkadun.3.jpg,haiyangkadun.3_Final.png,D:\Desktop\Stage1Codex\data\inputImg\Original\haiyangkadun.3.jpg,D:\Desktop\Stage1Codex\results\png\Final\haiyangkadun.3_Final.png,5.938520054,0.6342766204,4.467755202,292.4638617,8.064844862,1334,0.9062703252,23.86520273,3.192404509,12.9232204
OursFinalPNG,haiyangkadun.4,haiyangkadun.4.jpg,haiyangkadun.4_Final.png,D:\Desktop\Stage1Codex\data\inputImg\Original\haiyangkadun.4.jpg,D:\Desktop\Stage1Codex\results\png\Final\haiyangkadun.4_Final.png,6.872166153,0.6865935027,4.588170255,321.2317104,9.074005484,1429,0.8848005533,21.41797877,3.745521545,14.58477915
OursFinalPNG,haiyangkadun.5,haiyangkadun.5.jpg,haiyangkadun.5_Final.png,D:\Desktop\Stage1Codex\data\inputImg\Original\haiyangkadun.5.jpg,D:\Desktop\Stage1Codex\results\png\Final\haiyangkadun.5_Final.png,6.946539487,0.6925249543,4.308823806,397.7913058,9.525385116,1692,0.9201043844,24.00545546,4.118837833,13.84984951
OursFinalPNG,haiyangkadun.6,haiyangkadun.6.jpg,haiyangkadun.6_Final.png,D:\Desktop\Stage1Codex\data\inputImg\Original\haiyangkadun.6.jpg,D:\Desktop\Stage1Codex\results\png\Final\haiyangkadun.6_Final.png,4.929560667,0.5766351027,4.382947828,292.1603399,7.689401627,1257,0.8912699819,19.50512589,4.22832489,9.876170781
OursFinalPNG,haiyangkadun.7,haiyangkadun.7.jpg,haiyangkadun.7_Final.png,D:\Desktop\Stage1Codex\data\inputImg\Original\haiyangkadun.7.jpg,D:\Desktop\Stage1Codex\results\png\Final\haiyangkadun.7_Final.png,5.41860009,0.604042699,4.807899265,313.9223795,8.452697538,1272,0.859914422,18.57381616,3.493162394,10.87032333
OursFinalPNG,haiyangkadun.8,haiyangkadun.8.jpg,haiyangkadun.8_Final.png,D:\Desktop\Stage1Codex\data\inputImg\Original\haiyangkadun.8.jpg,D:\Desktop\Stage1Codex\results\png\Final\haiyangkadun.8_Final.png,5.127145494,0.5867848433,4.405557517,298.4038793,8.03752985,1191,0.8679190874,19.39691162,3.615072727,10.48562982
OursFinalPNG,haiyangkadun.9,haiyangkadun.9.jpg,haiyangkadun.9_Final.png,D:\Desktop\Stage1Codex\data\inputImg\Original\haiyangkadun.9.jpg,D:\Desktop\Stage1Codex\results\png\Final\haiyangkadun.9_Final.png,4.604022572,0.5597689445,4.136788419,278.9293201,6.897330714,1091,0.9295785427,17.14616683,3.830595493,9.241391295
OursFinalPNG,haiyangyuanjia.1,haiyangyuanjia.1.jpg,haiyangyuanjia.1_Final.png,D:\Desktop\Stage1Codex\data\inputImg\Original\haiyangyuanjia.1.jpg,D:\Desktop\Stage1Codex\results\png\Final\haiyangyuanjia.1_Final.png,8.341754718,0.7667012493,5.517146389,529.7557455,12.93417827,2112,0.9045948982,18.89576859,4.910328388,19.10876232
OursFinalPNG,haiyangyuanjia.10,haiyangyuanjia.10.jpg,haiyangyuanjia.10_Final.png,D:\Desktop\Stage1Codex\data\inputImg\Original\haiyangyuanjia.10.jpg,D:\Desktop\Stage1Codex\results\png\Final\haiyangyuanjia.10_Final.png,8.366595608,0.7704626233,5.259070621,435.4139645,11.18789281,2246,0.9020915627,18.2383721,5.115121841,18.03103358
OursFinalPNG,haiyangyuanjia.2,haiyangyuanjia.2.jpg,haiyangyuanjia.2_Final.png,D:\Desktop\Stage1Codex\data\inputImg\Original\haiyangyuanjia.2.jpg,D:\Desktop\Stage1Codex\results\png\Final\haiyangyuanjia.2_Final.png,8.282572367,0.7632804986,5.659708464,533.5988,13.21685505,2115,0.9102136493,19.25173643,3.881341934,21.01702366
OursFinalPNG,haiyangyuanjia.3,haiyangyuanjia.3.jpg,haiyangyuanjia.3_Final.png,D:\Desktop\Stage1Codex\data\inputImg\Original\haiyangyuanjia.3.jpg,D:\Desktop\Stage1Codex\results\png\Final\haiyangyuanjia.3_Final.png,7.76237744,0.7330065033,5.66417116,345.351298,10.35455335,2172,0.9175925851,18.69546643,9.671735764,18.55632443
OursFinalPNG,jiaomaozao.10,jiaomaozao.10.jpg,jiaomaozao.10_Final.png,D:\Desktop\Stage1Codex\data\inputImg\Original\jiaomaozao.10.jpg,D:\Desktop\Stage1Codex\results\png\Final\jiaomaozao.10_Final.png,12.4731006,0.9932275845,6.465927807,455.3404046,15.86585687,4204,0.8814079165,19.35870788,7.021612644,28.71126994
OursFinalPNG,jiaomaozao.12,jiaomaozao.12.jpg,jiaomaozao.12_Final.png,D:\Desktop\Stage1Codex\data\inputImg\Original\jiaomaozao.12.jpg,D:\Desktop\Stage1Codex\results\png\Final\jiaomaozao.12_Final.png,19.77977884,1.407744659,6.832375957,729.1447002,22.09319067,6164,0.8653856516,19.1948616,7.237139702,43.1939554
OursFinalPNG,jiaomaozao.15,jiaomaozao.15.jpg,jiaomaozao.15_Final.png,D:\Desktop\Stage1Codex\data\inputImg\Original\jiaomaozao.15.jpg,D:\Desktop\Stage1Codex\results\png\Final\jiaomaozao.15_Final.png,10.89655743,0.9083731177,6.446341559,422.646733,13.36889538,3770,0.9284400344,18.89521998,8.078111649,24.13818484
OursFinalPNG,jiaomaozao.17,jiaomaozao.17.jpg,jiaomaozao.17_Final.png,D:\Desktop\Stage1Codex\data\inputImg\Original\jiaomaozao.17.jpg,D:\Desktop\Stage1Codex\results\png\Final\jiaomaozao.17_Final.png,9.687546442,0.841856322,5.724595392,331.8658356,10.24918003,2885,0.8968386054,24.97972276,7.605206966,21.17011597
OursFinalPNG,jiaomaozao.21,jiaomaozao.21.jpg,jiaomaozao.21_Final.png,D:\Desktop\Stage1Codex\data\inputImg\Original\jiaomaozao.21.jpg,D:\Desktop\Stage1Codex\results\png\Final\jiaomaozao.21_Final.png,18.44541962,1.343796361,5.845993798,1183.054105,22.20281883,5776,0.8092387319,21.40992907,4.180120945,36.49982917
OursFinalPNG,jiaomaozao.30,jiaomaozao.30.jpg,jiaomaozao.30_Final.png,D:\Desktop\Stage1Codex\data\inputImg\Original\jiaomaozao.30.jpg,D:\Desktop\Stage1Codex\results\png\Final\jiaomaozao.30_Final.png,16.24602485,1.205591786,6.65108579,545.5254212,17.89524709,4984,0.8756245971,22.43000638,9.193477631,35.72938894
OursFinalPNG,jiaomaozao.6,jiaomaozao.6.jpg,jiaomaozao.6_Final.png,D:\Desktop\Stage1Codex\data\inputImg\Original\jiaomaozao.6.jpg,D:\Desktop\Stage1Codex\results\png\Final\jiaomaozao.6_Final.png,12.16983361,0.9816335182,6.667041129,417.3967134,12.51413893,3192,0.8853313923,22.36550663,4.17777586,26.33052053
OursFinalPNG,jiaomaozao.9,jiaomaozao.9.jpg,jiaomaozao.9_Final.png,D:\Desktop\Stage1Codex\data\inputImg\Original\jiaomaozao.9.jpg,D:\Desktop\Stage1Codex\results\png\Final\jiaomaozao.9_Final.png,14.19086606,1.091017115,6.581735435,478.991443,16.6716622,4592,0.8338398337,20.39761609,8.15014267,32.39725126
OursFinalPNG,lianzhuang.7,lianzhuang.7.jpg,lianzhuang.7_Final.png,D:\Desktop\Stage1Codex\data\inputImg\Original\lianzhuang.7.jpg,D:\Desktop\Stage1Codex\results\png\Final\lianzhuang.7_Final.png,6.069948797,0.6367322208,5.040035233,356.6397678,10.34822747,1944,0.8992387652,23.78333988,8.956332207,16.1885006
OursFinalPNG,lianzhuang.8,lianzhuang.8.jpg,lianzhuang.8_Final.png,D:\Desktop\Stage1Codex\data\inputImg\Original\lianzhuang.8.jpg,D:\Desktop\Stage1Codex\results\png\Final\lianzhuang.8_Final.png,7.584203426,0.7259717613,4.788937095,576.0049226,12.10759138,3337,0.9411417246,22.19513116,7.668806076,15.67146155
OursFinalPNG,limayuanjia.10,limayuanjia.10.jpg,limayuanjia.10_Final.png,D:\Desktop\Stage1Codex\data\inputImg\Original\limayuanjia.10.jpg,D:\Desktop\Stage1Codex\results\png\Final\limayuanjia.10_Final.png,8.815536635,0.7957827344,4.960929476,538.0378184,12.26851842,2769,0.9347765446,18.55164173,9.517544746,18.79926365
OursFinalPNG,limayuanjia.16,limayuanjia.16.jpg,limayuanjia.16_Final.png,D:\Desktop\Stage1Codex\data\inputImg\Original\limayuanjia.16.jpg,D:\Desktop\Stage1Codex\results\png\Final\limayuanjia.16_Final.png,4.106562006,0.5280314301,5.086151601,214.6157181,7.242658758,882,0.9424898624,23.02945444,5.901031017,10.11750151
OursFinalPNG,limayuanjia.9,limayuanjia.9.jpg,limayuanjia.9_Final.png,D:\Desktop\Stage1Codex\data\inputImg\Original\limayuanjia.9.jpg,D:\Desktop\Stage1Codex\results\png\Final\limayuanjia.9_Final.png,7.79201163,0.738258123,5.149794379,363.7664087,10.07427,2186,0.9333167672,19.30531088,8.143200874,16.99963839
OursFinalPNG,lingxinghaixian.2,lingxinghaixian.2.jpg,lingxinghaixian.2_Final.png,D:\Desktop\Stage1Codex\data\inputImg\Original\lingxinghaixian.2.jpg,D:\Desktop\Stage1Codex\results\png\Final\lingxinghaixian.2_Final.png,9.153234725,0.8127006125,5.686415896,522.5682357,13.70167813,2307,0.7895638943,14.84740893,3.575065851,20.01561807
OursFinalPNG,luojiazao.2,luojiazao.2.jpg,luojiazao.2_Final.png,D:\Desktop\Stage1Codex\data\inputImg\Original\luojiazao.2.jpg,D:\Desktop\Stage1Codex\results\png\Final\luojiazao.2_Final.png,9.693447945,0.8359945796,7.162784131,96.94538597,6.839342442,877,0.8756708503,24.03090258,5.678025246,22.15539849
OursFinalPNG,luojiazao.8,luojiazao.8.jpg,luojiazao.8_Final.png,D:\Desktop\Stage1Codex\data\inputImg\Original\luojiazao.8.jpg,D:\Desktop\Stage1Codex\results\png\Final\luojiazao.8_Final.png,16.76106731,1.235054773,6.830304862,1233.930388,34.12361115,16068,0.8292484879,15.95323236,4.655671597,36.94046651
OursFinalPNG,sanjiaoji.1,sanjiaoji.1.jpg,sanjiaoji.1_Final.png,D:\Desktop\Stage1Codex\data\inputImg\Original\sanjiaoji.1.jpg,D:\Desktop\Stage1Codex\results\png\Final\sanjiaoji.1_Final.png,5.65099698,0.6162898142,4.73242763,325.6180447,8.330338508,1090,0.8453971148,19.5920468,2.881429434,11.87447955
OursFinalPNG,sanjiaoji.11,sanjiaoji.11.jpg,sanjiaoji.11_Final.png,D:\Desktop\Stage1Codex\data\inputImg\Original\sanjiaoji.11.jpg,D:\Desktop\Stage1Codex\results\png\Final\sanjiaoji.11_Final.png,6.402088918,0.6566252455,5.070565874,329.7803438,9.067989611,1261,0.7949092388,21.16764064,2.452736378,12.56195699
OursFinalPNG,sanjiaoji.13,sanjiaoji.13.jpg,sanjiaoji.13_Final.png,D:\Desktop\Stage1Codex\data\inputImg\Original\sanjiaoji.13.jpg,D:\Desktop\Stage1Codex\results\png\Final\sanjiaoji.13_Final.png,5.036505762,0.5811948186,4.532718145,306.5625686,7.868606911,1025,0.8511677384,17.68958054,2.846647024,10.2101213
OursFinalPNG,sanjiaoji.2,sanjiaoji.2.jpg,sanjiaoji.2_Final.png,D:\Desktop\Stage1Codex\data\inputImg\Original\sanjiaoji.2.jpg,D:\Desktop\Stage1Codex\results\png\Final\sanjiaoji.2_Final.png,5.639940579,0.6158488359,4.673785061,295.4655515,8.104296087,1076,0.849625051,20.84750346,2.479977846,11.74041962
OursFinalPNG,sanjiaoji.3,sanjiaoji.3.jpg,sanjiaoji.3_Final.png,D:\Desktop\Stage1Codex\data\inputImg\Original\sanjiaoji.3.jpg,D:\Desktop\Stage1Codex\results\png\Final\sanjiaoji.3_Final.png,5.735326272,0.6210653262,4.638426654,337.6639841,8.545899649,1238,0.8318588138,20.2955873,2.208325386,12.42656613
OursFinalPNG,sanjiaoji.4,sanjiaoji.4.jpg,sanjiaoji.4_Final.png,D:\Desktop\Stage1Codex\data\inputImg\Original\sanjiaoji.4.jpg,D:\Desktop\Stage1Codex\results\png\Final\sanjiaoji.4_Final.png,5.494445298,0.6070004712,4.607088919,279.8805986,7.683089576,1022,0.8479877114,21.14805546,3.193842411,11.33147445
OursFinalPNG,sanjiaoji.5,sanjiaoji.5.jpg,sanjiaoji.5_Final.png,D:\Desktop\Stage1Codex\data\inputImg\Original\sanjiaoji.5.jpg,D:\Desktop\Stage1Codex\results\png\Final\sanjiaoji.5_Final.png,10.05743012,0.8541546748,6.090749769,367.2456211,18.49124371,7252,0.9055700302,24.68177932,3.163783312,26.18553867
OursFinalPNG,shikelipu.2,shikelipu.2.jpg,shikelipu.2_Final.png,D:\Desktop\Stage1Codex\data\inputImg\Original\shikelipu.2.jpg,D:\Desktop\Stage1Codex\results\png\Final\shikelipu.2_Final.png,12.46099104,0.9909470691,7.002175148,217.6687451,11.96778708,2389,0.810377419,19.02701601,6.175215721,29.5958515
OursFinalPNG,shikelipu.6,shikelipu.6.jpg,shikelipu.6_Final.png,D:\Desktop\Stage1Codex\data\inputImg\Original\shikelipu.6.jpg,D:\Desktop\Stage1Codex\results\png\Final\shikelipu.6_Final.png,10.59681278,0.8937948725,6.384566826,575.1286589,13.96256463,3559,0.9056953192,18.17197206,5.116642475,21.51208735
OursFinalPNG,suojiao.1,suojiao.1.jpg,suojiao.1_Final.png,D:\Desktop\Stage1Codex\data\inputImg\Original\suojiao.1.jpg,D:\Desktop\Stage1Codex\results\png\Final\suojiao.1_Final.png,6.28176322,0.6517577913,6.053007039,469.1703762,9.093611009,1534,0.8557981253,18.78814599,3.219055891,11.98548255
OursFinalPNG,suojiao.4,suojiao.4.jpg,suojiao.4_Final.png,D:\Desktop\Stage1Codex\data\inputImg\Original\suojiao.4.jpg,D:\Desktop\Stage1Codex\results\png\Final\suojiao.4_Final.png,10.19765952,0.8729146496,5.357767506,674.0389841,13.53419774,3806,0.9010831118,23.53866996,4.631520748,19.41633232
OursFinalPNG,suojiao.9,suojiao.9.jpg,suojiao.9_Final.png,D:\Desktop\Stage1Codex\data\inputImg\Original\suojiao.9.jpg,D:\Desktop\Stage1Codex\results\png\Final\suojiao.9_Final.png,8.544082873,0.7777730411,5.634952101,808.2836844,15.43448089,3063,0.8441902995,21.751961,5.397852898,17.6899736
OursFinalPNG,weixiaoyuanjia.11,weixiaoyuanjia.11.jpg,weixiaoyuanjia.11_Final.png,D:\Desktop\Stage1Codex\data\inputImg\Original\weixiaoyuanjia.11.jpg,D:\Desktop\Stage1Codex\results\png\Final\weixiaoyuanjia.11_Final.png,5.247646082,0.5958148437,4.173302082,350.7868632,7.154398517,1098,0.8938424587,21.54135534,3.352309942,10.34476372
OursFinalPNG,weixiaoyuanjia.12,weixiaoyuanjia.12.jpg,weixiaoyuanjia.12_Final.png,D:\Desktop\Stage1Codex\data\inputImg\Original\weixiaoyuanjia.12.jpg,D:\Desktop\Stage1Codex\results\png\Final\weixiaoyuanjia.12_Final.png,5.106552737,0.5872893251,4.361977585,346.2402723,7.588776677,1312,0.8493986726,18.41231188,2.761748552,10.24447371
OursFinalPNG,weixiaoyuanjia.13,weixiaoyuanjia.13.jpg,weixiaoyuanjia.13_Final.png,D:\Desktop\Stage1Codex\data\inputImg\Original\weixiaoyuanjia.13.jpg,D:\Desktop\Stage1Codex\results\png\Final\weixiaoyuanjia.13_Final.png,5.35460792,0.6012287866,4.433634188,358.8132788,7.912302221,1288,0.8533729315,18.68495942,2.917750597,10.91706167
OursFinalPNG,weixiaoyuanjia.14,weixiaoyuanjia.14.jpg,weixiaoyuanjia.14_Final.png,D:\Desktop\Stage1Codex\data\inputImg\Original\weixiaoyuanjia.14.jpg,D:\Desktop\Stage1Codex\results\png\Final\weixiaoyuanjia.14_Final.png,5.766368281,0.6263640557,4.253592961,310.2299961,7.183198479,1180,0.8570787907,21.35465567,2.784432411,11.43811415
OursFinalPNG,weixiaoyuanjia.15,weixiaoyuanjia.15.jpg,weixiaoyuanjia.15_Final.png,D:\Desktop\Stage1Codex\data\inputImg\Original\weixiaoyuanjia.15.jpg,D:\Desktop\Stage1Codex\results\png\Final\weixiaoyuanjia.15_Final.png,5.312384639,0.5994050351,4.586532758,305.6640331,7.135381073,1212,0.8614922166,21.62244836,2.766567945,10.78001182
OursFinalPNG,weixiaoyuanjia.16,weixiaoyuanjia.16.jpg,weixiaoyuanjia.16_Final.png,D:\Desktop\Stage1Codex\data\inputImg\Original\weixiaoyuanjia.16.jpg,D:\Desktop\Stage1Codex\results\png\Final\weixiaoyuanjia.16_Final.png,5.210161025,0.5936830623,4.746532054,300.4312206,6.995263589,1160,0.855751276,22.63851669,2.080716848,10.68508272
OursFinalPNG,weixiaoyuanjia.17,weixiaoyuanjia.17.jpg,weixiaoyuanjia.17_Final.png,D:\Desktop\Stage1Codex\data\inputImg\Original\weixiaoyuanjia.17.jpg,D:\Desktop\Stage1Codex\results\png\Final\weixiaoyuanjia.17_Final.png,6.786782519,0.6817250826,4.698837583,407.3776107,9.439904621,1854,0.8411049247,22.29027618,2.855060816,13.92700872
OursFinalPNG,weixiaoyuanjia.18,weixiaoyuanjia.18.jpg,weixiaoyuanjia.18_Final.png,D:\Desktop\Stage1Codex\data\inputImg\Original\weixiaoyuanjia.18.jpg,D:\Desktop\Stage1Codex\results\png\Final\weixiaoyuanjia.18_Final.png,5.690446296,0.6191559081,4.372669669,322.6383915,7.937841109,1391,0.8380112648,22.67783914,2.551361561,11.68502742
OursFinalPNG,weixiaoyuanjia.20,weixiaoyuanjia.20.jpg,weixiaoyuanjia.20_Final.png,D:\Desktop\Stage1Codex\data\inputImg\Original\weixiaoyuanjia.20.jpg,D:\Desktop\Stage1Codex\results\png\Final\weixiaoyuanjia.20_Final.png,6.113569123,0.6421342718,4.713998435,282.7757102,7.97276972,1550,0.8757166266,23.58703471,2.360214233,13.09938862
OursFinalPNG,weixiaoyuanjia.29,weixiaoyuanjia.29.jpg,weixiaoyuanjia.29_Final.png,D:\Desktop\Stage1Codex\data\inputImg\Original\weixiaoyuanjia.29.jpg,D:\Desktop\Stage1Codex\results\png\Final\weixiaoyuanjia.29_Final.png,4.343950214,0.5439595694,4.241896379,238.4144788,5.754649798,890,0.8893931508,21.71940297,3.345279217,9.159873949
OursFinalPNG,weixiaoyuanjia.30,weixiaoyuanjia.30.jpg,weixiaoyuanjia.30_Final.png,D:\Desktop\Stage1Codex\data\inputImg\Original\weixiaoyuanjia.30.jpg,D:\Desktop\Stage1Codex\results\png\Final\weixiaoyuanjia.30_Final.png,5.318947832,0.6006493842,4.284356031,339.967883,7.269329338,1246,0.8627442122,21.7475655,3.021100044,10.78017479
OursFinalPNG,weixiaoyuanjia.31,weixiaoyuanjia.31.jpg,weixiaoyuanjia.31_Final.png,D:\Desktop\Stage1Codex\data\inputImg\Original\weixiaoyuanjia.31.jpg,D:\Desktop\Stage1Codex\results\png\Final\weixiaoyuanjia.31_Final.png,5.42819814,0.607004046,4.68876916,353.7110257,7.397808269,1293,0.8542972207,21.11224385,2.789198637,10.85074301
OursFinalPNG,weixiaoyuanjia.32,weixiaoyuanjia.32.jpg,weixiaoyuanjia.32_Final.png,D:\Desktop\Stage1Codex\data\inputImg\Original\weixiaoyuanjia.32.jpg,D:\Desktop\Stage1Codex\results\png\Final\weixiaoyuanjia.32_Final.png,5.948248578,0.6371395261,4.698070996,364.8303243,7.627417925,1287,0.8881530762,21.71713396,2.703982592,11.70011727
OursFinalPNG,yuanjiazao.1,yuanjiazao.1.jpg,yuanjiazao.1_Final.png,D:\Desktop\Stage1Codex\data\inputImg\Original\yuanjiazao.1.jpg,D:\Desktop\Stage1Codex\results\png\Final\yuanjiazao.1_Final.png,24.28525661,1.657538623,6.959562697,813.8754212,26.14695236,9046,0.830850482,20.52084853,4.472918034,49.96792886
OursFinalPNG,yuanjiazao.10,yuanjiazao.10.jpg,yuanjiazao.10_Final.png,D:\Desktop\Stage1Codex\data\inputImg\Original\yuanjiazao.10.jpg,D:\Desktop\Stage1Codex\results\png\Final\yuanjiazao.10_Final.png,7.806515611,0.7401148442,3.81352052,518.0759992,10.96394154,3185,0.9409095645,23.94771008,8.689413071,16.46221466
OursFinalPNG,yuanjiazao.6,yuanjiazao.6.jpg,yuanjiazao.6_Final.png,D:\Desktop\Stage1Codex\data\inputImg\Original\yuanjiazao.6.jpg,D:\Desktop\Stage1Codex\results\png\Final\yuanjiazao.6_Final.png,8.147481522,0.7552411709,4.757536455,314.4795993,9.552967539,3026,0.9279029965,23.79432983,9.782689095,17.98586159
OursFinalPNG,yuanjiazao.8,yuanjiazao.8.jpg,yuanjiazao.8_Final.png,D:\Desktop\Stage1Codex\data\inputImg\Original\yuanjiazao.8.jpg,D:\Desktop\Stage1Codex\results\png\Final\yuanjiazao.8_Final.png,10.15256798,0.8673952148,6.20022158,302.1940292,14.00010512,2613,0.877814889,18.10071852,3.456540108,26.12009264
OursFinalPNG,yuanjiazao.9,yuanjiazao.9.jpg,yuanjiazao.9_Final.png,D:\Desktop\Stage1Codex\data\inputImg\Original\yuanjiazao.9.jpg,D:\Desktop\Stage1Codex\results\png\Final\yuanjiazao.9_Final.png,12.76965202,1.023768009,4.407193902,1050.119911,18.46700428,3879,0.9520503879,18.42871108,7.507993221,24.95244911
